Result,Red Fighter,Blue Fighter,Red dob,Blue dob,Red totalfights,Blue totalfights,Red elo,Blue elo,Red losestreak,Blue losestreak,Red winstreak,Blue winstreak,Red titlewins,Blue titlewins,Red oppelo,Blue oppelo,Red wins,Blue wins,Red losses,Blue losses,Red KD,Blue KD,Red KD differential,Blue KD differential,Red Sig. str.,Blue Sig. str.,Red Sig. str. differential,Blue Sig. str. differential,Red Total str.,Blue Total str.,Red Total str. differential,Blue Total str. differential,Red Td,Blue Td,Red Td differential,Blue Td differential,Red Sub. att,Blue Sub. att,Red Sub. att differential,Blue Sub. att differential,Red Rev.,Blue Rev.,Red Rev. differential,Blue Rev. differential,Red Ctrl,Blue Ctrl,Red Ctrl differential,Blue Ctrl differential,Red Head,Blue Head,Red Head differential,Blue Head differential,Red Body,Blue Body,Red Body differential,Blue Body differential,Red Leg,Blue Leg,Red Leg differential,Blue Leg differential,Red Distance,Blue Distance,Red Distance differential,Blue Distance differential,Red Clinch,Blue Clinch,Red Clinch differential,Blue Clinch differential,Red Ground,Blue Ground,Red Ground differential,Blue Ground differential,Red Sig. str.%,Blue Sig. str.%,Red Sig. str.% differential,Blue Sig. str.% differential,Red Sig. str.% defense,Blue Sig. str.% defense,Red Total str.%,Blue Total str.%,Red Total str.% differential,Blue Total str.% differential,Red Total str.% defense,Blue Total str.% defense,Red Td%,Blue Td%,Red Td% differential,Blue Td% differential,Red Td% defense,Blue Td% defense,Red Head%,Blue Head%,Red Head% differential,Blue Head% differential,Red Head% defense,Blue Head% defense,Red Body%,Blue Body%,Red Body% differential,Blue Body% differential,Red Body% defense,Blue Body% defense,Red Leg%,Blue Leg%,Red Leg% differential,Blue Leg% differential,Red Leg% defense,Blue Leg% defense,Red Distance%,Blue Distance%,Red Distance% differential,Blue Distance% differential,Red Distance% defense,Blue Distance% defense,Red Clinch%,Blue Clinch%,Red Clinch% differential,Blue Clinch% differential,Red Clinch% defense,Blue Clinch% defense,Red Ground%,Blue Ground%,Red Ground% differential,Blue Ground% differential,Red Ground% defense,Blue Ground% defense,dob oppdiff,totalfights oppdiff,elo oppdiff,losestreak oppdiff,winstreak oppdiff,titlewins oppdiff,oppelo oppdiff,wins oppdiff,losses oppdiff,KD oppdiff,KD differential oppdiff,Sig. str. oppdiff,Sig. str. differential oppdiff,Total str. oppdiff,Total str. differential oppdiff,Td oppdiff,Td differential oppdiff,Sub. att oppdiff,Sub. att differential oppdiff,Rev. oppdiff,Rev. differential oppdiff,Ctrl oppdiff,Ctrl differential oppdiff,Head oppdiff,Head differential oppdiff,Body oppdiff,Body differential oppdiff,Leg oppdiff,Leg differential oppdiff,Distance oppdiff,Distance differential oppdiff,Clinch oppdiff,Clinch differential oppdiff,Ground oppdiff,Ground differential oppdiff,Sig. str.% oppdiff,Sig. str.% differential oppdiff,Sig. str.% defense oppdiff,Total str.% oppdiff,Total str.% differential oppdiff,Total str.% defense oppdiff,Td% oppdiff,Td% differential oppdiff,Td% defense oppdiff,Head% oppdiff,Head% differential oppdiff,Head% defense oppdiff,Body% oppdiff,Body% differential oppdiff,Body% defense oppdiff,Leg% oppdiff,Leg% differential oppdiff,Leg% defense oppdiff,Distance% oppdiff,Distance% differential oppdiff,Distance% defense oppdiff,Clinch% oppdiff,Clinch% differential oppdiff,Clinch% defense oppdiff,Ground% oppdiff,Ground% differential oppdiff,Ground% defense oppdiff
unknown,Leon Edwards,Colby Covington,1991,1988,17,16,1193.9398780753645,1130.4845830061959,0,1,12,0,3,1,18245.11262160981,17400.41734271008,14,12,2,4,0.029928125384685214,0.001533140362066428,0.029928125384685214,0.001533140362066428,3.0540815909184724,3.983287263797093,3.0540815909184724,3.983287263797093,3.6789672317368867,6.935074049256417,3.6789672317368867,6.935074049256417,0.07668277807802887,0.19471378530122063,0.07668277807802887,0.19471378530122063,0.02784391157242966,0.007748225087587587,0.02784391157242966,0.007748225087587587,0.009579462189028375,0.006016042780748663,0.009579462189028375,0.006016042780748663,0.16087897657597003,0.37159621990601677,0.16087897657597003,0.37159621990601677,1.527651116352235,2.773549263390802,1.527651116352235,2.773549263390802,0.7421451696334918,0.6337601503443008,0.7421451696334918,0.6337601503443008,0.7842853049327451,0.5759778500619899,0.7842853049327451,0.5759778500619899,2.5068332586945115,3.281299568891601,2.5068332586945115,3.281299568891601,0.2980880989779049,0.37013263880403596,0.2980880989779049,0.37013263880403596,0.24916023324605563,0.3318550561014561,0.24916023324605563,0.3318550561014561,0.049935875213394855,0.026798455871296166,0.049935875213394855,0.026798455871296166,69017.0,44167.0,0.052358023286869,0.03227812184165471,0.052358023286869,0.03227812184165471,28384.0,28820.0,0.0171137649818159,0.017850734649611972,0.0171137649818159,0.017850734649611972,194884.0,56659.0,0.04172387110403285,0.023408206582943066,0.04172387110403285,0.023408206582943066,109780.0,75263.0,0.04687430270679206,0.03088808384197043,0.04687430270679206,0.03088808384197043,12573.0,10857.0,0.05166586812815936,0.038291479217175226,0.05166586812815936,0.038291479217175226,15048.0,1123.0,0.04690835209252071,0.017376793574976894,0.04690835209252071,0.017376793574976894,88847.0,53007.0,0.030689077670663818,0.032613716960774856,0.030689077670663818,0.032613716960774856,27147.0,8650.0,0.04078943825374438,0.027103177940002058,0.04078943825374438,0.027103177940002058,106779.0,26387.0,3.0,1.0,63.45529506916864,-1.0,12.0,2.0,844.6952788997296,2.0,-2.0,0.028394985022618786,0.028394985022618786,-0.9292056728786204,-0.9292056728786204,-3.2561068175195302,-3.2561068175195302,-0.11803100722319176,-0.11803100722319176,0.020095686484842074,0.020095686484842074,0.003563419408279712,0.003563419408279712,-0.21071724333004674,-0.21071724333004674,-1.245898147038567,-1.245898147038567,0.10838501928919098,0.10838501928919098,0.2083074548707552,0.2083074548707552,-0.7744663101970897,-0.7744663101970897,-0.07204453982613107,-0.07204453982613107,-0.08269482285540047,-0.08269482285540047,0.02313741934209869,0.02313741934209869,24850.0,0.020079901445214286,0.020079901445214286,-436.0,-0.0007369696677960724,-0.0007369696677960724,138225.0,0.01831566452108978,0.01831566452108978,34517.0,0.01598621886482163,0.01598621886482163,1716.0,0.013374388910984136,0.013374388910984136,13925.0,0.029531558517543813,0.029531558517543813,35840.0,-0.0019246392901110382,-0.0019246392901110382,18497.0,0.013686260313742319,0.013686260313742319,80392.0
unknown,Colby Covington,Leon Edwards,1988,1991,16,17,1130.4845830061959,1193.9398780753645,1,0,0,12,1,3,17400.41734271008,18245.11262160981,12,14,4,2,0.001533140362066428,0.029928125384685214,0.001533140362066428,0.029928125384685214,3.983287263797093,3.0540815909184724,3.983287263797093,3.0540815909184724,6.935074049256417,3.6789672317368867,6.935074049256417,3.6789672317368867,0.19471378530122063,0.07668277807802887,0.19471378530122063,0.07668277807802887,0.007748225087587587,0.02784391157242966,0.007748225087587587,0.02784391157242966,0.006016042780748663,0.009579462189028375,0.006016042780748663,0.009579462189028375,0.37159621990601677,0.16087897657597003,0.37159621990601677,0.16087897657597003,2.773549263390802,1.527651116352235,2.773549263390802,1.527651116352235,0.6337601503443008,0.7421451696334918,0.6337601503443008,0.7421451696334918,0.5759778500619899,0.7842853049327451,0.5759778500619899,0.7842853049327451,3.281299568891601,2.5068332586945115,3.281299568891601,2.5068332586945115,0.37013263880403596,0.2980880989779049,0.37013263880403596,0.2980880989779049,0.3318550561014561,0.24916023324605563,0.3318550561014561,0.24916023324605563,0.026798455871296166,0.049935875213394855,0.026798455871296166,0.049935875213394855,44167.0,69017.0,0.03227812184165471,0.052358023286869,0.03227812184165471,0.052358023286869,28820.0,28384.0,0.017850734649611972,0.0171137649818159,0.017850734649611972,0.0171137649818159,56659.0,194884.0,0.023408206582943066,0.04172387110403285,0.023408206582943066,0.04172387110403285,75263.0,109780.0,0.03088808384197043,0.04687430270679206,0.03088808384197043,0.04687430270679206,10857.0,12573.0,0.038291479217175226,0.05166586812815936,0.038291479217175226,0.05166586812815936,1123.0,15048.0,0.017376793574976894,0.04690835209252071,0.017376793574976894,0.04690835209252071,53007.0,88847.0,0.032613716960774856,0.030689077670663818,0.032613716960774856,0.030689077670663818,8650.0,27147.0,0.027103177940002058,0.04078943825374438,0.027103177940002058,0.04078943825374438,26387.0,106779.0,-3.0,-1.0,-63.45529506916864,1.0,-12.0,-2.0,-844.6952788997296,-2.0,2.0,-0.028394985022618786,-0.028394985022618786,0.9292056728786204,0.9292056728786204,3.2561068175195302,3.2561068175195302,0.11803100722319176,0.11803100722319176,-0.020095686484842074,-0.020095686484842074,-0.003563419408279712,-0.003563419408279712,0.21071724333004674,0.21071724333004674,1.245898147038567,1.245898147038567,-0.10838501928919098,-0.10838501928919098,-0.2083074548707552,-0.2083074548707552,0.7744663101970897,0.7744663101970897,0.07204453982613107,0.07204453982613107,0.08269482285540047,0.08269482285540047,-0.02313741934209869,-0.02313741934209869,-24850.0,-0.020079901445214286,-0.020079901445214286,436.0,0.0007369696677960724,0.0007369696677960724,-138225.0,-0.01831566452108978,-0.01831566452108978,-34517.0,-0.01598621886482163,-0.01598621886482163,-1716.0,-0.013374388910984136,-0.013374388910984136,-13925.0,-0.029531558517543813,-0.029531558517543813,-35840.0,0.0019246392901110382,0.0019246392901110382,-18497.0,-0.013686260313742319,-0.013686260313742319,-80392.0
unknown,Alexandre Pantoja,Brandon Royval,1990,1992,14,8,1117.1695917348716,1039.5998382167672,0,1,5,0,2,0,14432.233261601225,8336.200091925954,11,5,3,3,0.03365127054520592,0.1184804314668931,0.03365127054520592,0.1184804314668931,4.533947813412615,4.767161893454724,4.533947813412615,4.767161893454724,5.227714432854268,7.457453793620585,5.227714432854268,7.457453793620585,0.275597618999812,0.01218144091870234,0.275597618999812,0.01218144091870234,0.15954742799277355,0.10808834320053973,0.15954742799277355,0.10808834320053973,0.0118911972585136,0.033858571541066224,0.0118911972585136,0.033858571541066224,0.385406919580079,0.06190264910759823,0.385406919580079,0.06190264910759823,3.2924212617783066,3.912721805599824,3.2924212617783066,3.912721805599824,0.7937173147367944,0.4734902758894639,0.7937173147367944,0.4734902758894639,0.447809236897514,0.38094981196543665,0.447809236897514,0.38094981196543665,3.7095929051798056,3.1849627589647627,3.7095929051798056,3.1849627589647627,0.3050495056440079,0.16404496210346722,0.3050495056440079,0.16404496210346722,0.5193054025888018,1.418154172386495,0.5193054025888018,1.418154172386495,0.11063610481867492,0.11195251082625222,0.11063610481867492,0.11195251082625222,13739.0,827.0,0.11376995992404526,0.1169594871000338,0.11376995992404526,0.1169594871000338,8904.0,646.0,0.12934973208876893,0.01218144091870234,0.12934973208876893,0.01218144091870234,46346.0,1489.0,0.103838584115659,0.1086762855343209,0.103838584115659,0.1086762855343209,17524.0,1470.0,0.15424145562334182,0.08304775449313727,0.15424145562334182,0.08304775449313727,4441.0,354.0,0.04025737453349292,0.11304916453301576,0.04025737453349292,0.11304916453301576,280.0,130.0,0.1049287041270186,0.0816553751590265,0.1049287041270186,0.0816553751590265,14457.0,879.0,0.12812150848717693,0.10048850503788234,0.12812150848717693,0.10048850503788234,26776.0,1972.0,0.044351218288424026,0.11093527648895357,0.044351218288424026,0.11093527648895357,25756.0,1470.0,-2.0,6.0,77.56975351810433,-1.0,5.0,2.0,6096.033169675271,6.0,0.0,-0.08482916092168719,-0.08482916092168719,-0.2332140800421092,-0.2332140800421092,-2.2297393607663176,-2.2297393607663176,0.2634161780811097,0.2634161780811097,0.05145908479223382,0.05145908479223382,-0.021967374282552625,-0.021967374282552625,0.32350427047248076,0.32350427047248076,-0.6203005438215174,-0.6203005438215174,0.3202270388473305,0.3202270388473305,0.06685942493207736,0.06685942493207736,0.5246301462150429,0.5246301462150429,0.14100454354054068,0.14100454354054068,-0.8988487697976932,-0.8988487697976932,-0.001316406007577306,-0.001316406007577306,12912.0,-0.0031895271759885407,-0.0031895271759885407,8258.0,0.1171682911700666,0.1171682911700666,44857.0,-0.0048377014186619105,-0.0048377014186619105,16054.0,0.07119370113020455,0.07119370113020455,4087.0,-0.07279178999952285,-0.07279178999952285,150.0,0.0232733289679921,0.0232733289679921,13578.0,0.02763300344929459,0.02763300344929459,24804.0,-0.06658405820052954,-0.06658405820052954,24286.0
unknown,Brandon Royval,Alexandre Pantoja,1992,1990,8,14,1039.5998382167672,1117.1695917348716,1,0,0,5,0,2,8336.200091925954,14432.233261601225,5,11,3,3,0.1184804314668931,0.03365127054520592,0.1184804314668931,0.03365127054520592,4.767161893454724,4.533947813412615,4.767161893454724,4.533947813412615,7.457453793620585,5.227714432854268,7.457453793620585,5.227714432854268,0.01218144091870234,0.275597618999812,0.01218144091870234,0.275597618999812,0.10808834320053973,0.15954742799277355,0.10808834320053973,0.15954742799277355,0.033858571541066224,0.0118911972585136,0.033858571541066224,0.0118911972585136,0.06190264910759823,0.385406919580079,0.06190264910759823,0.385406919580079,3.912721805599824,3.2924212617783066,3.912721805599824,3.2924212617783066,0.4734902758894639,0.7937173147367944,0.4734902758894639,0.7937173147367944,0.38094981196543665,0.447809236897514,0.38094981196543665,0.447809236897514,3.1849627589647627,3.7095929051798056,3.1849627589647627,3.7095929051798056,0.16404496210346722,0.3050495056440079,0.16404496210346722,0.3050495056440079,1.418154172386495,0.5193054025888018,1.418154172386495,0.5193054025888018,0.11195251082625222,0.11063610481867492,0.11195251082625222,0.11063610481867492,827.0,13739.0,0.1169594871000338,0.11376995992404526,0.1169594871000338,0.11376995992404526,646.0,8904.0,0.01218144091870234,0.12934973208876893,0.01218144091870234,0.12934973208876893,1489.0,46346.0,0.1086762855343209,0.103838584115659,0.1086762855343209,0.103838584115659,1470.0,17524.0,0.08304775449313727,0.15424145562334182,0.08304775449313727,0.15424145562334182,354.0,4441.0,0.11304916453301576,0.04025737453349292,0.11304916453301576,0.04025737453349292,130.0,280.0,0.0816553751590265,0.1049287041270186,0.0816553751590265,0.1049287041270186,879.0,14457.0,0.10048850503788234,0.12812150848717693,0.10048850503788234,0.12812150848717693,1972.0,26776.0,0.11093527648895357,0.044351218288424026,0.11093527648895357,0.044351218288424026,1470.0,25756.0,2.0,-6.0,-77.56975351810433,1.0,-5.0,-2.0,-6096.033169675271,-6.0,0.0,0.08482916092168719,0.08482916092168719,0.2332140800421092,0.2332140800421092,2.2297393607663176,2.2297393607663176,-0.2634161780811097,-0.2634161780811097,-0.05145908479223382,-0.05145908479223382,0.021967374282552625,0.021967374282552625,-0.32350427047248076,-0.32350427047248076,0.6203005438215174,0.6203005438215174,-0.3202270388473305,-0.3202270388473305,-0.06685942493207736,-0.06685942493207736,-0.5246301462150429,-0.5246301462150429,-0.14100454354054068,-0.14100454354054068,0.8988487697976932,0.8988487697976932,0.001316406007577306,0.001316406007577306,-12912.0,0.0031895271759885407,0.0031895271759885407,-8258.0,-0.1171682911700666,-0.1171682911700666,-44857.0,0.0048377014186619105,0.0048377014186619105,-16054.0,-0.07119370113020455,-0.07119370113020455,-4087.0,0.07279178999952285,0.07279178999952285,-150.0,-0.0232733289679921,-0.0232733289679921,-13578.0,-0.02763300344929459,-0.02763300344929459,-24804.0,0.06658405820052954,0.06658405820052954,-24286.0
unknown,Shavkat Rakhmonov,Stephen Thompson,1994,1983,6,20,1107.121037921106,1075.4429756762374,0,1,6,0,0,0,6523.2216361897545,21294.14295461165,6,12,0,7,0.023736263736263735,0.02752008364165828,0.023736263736263735,0.02752008364165828,4.091733963225205,4.165965665377398,4.091733963225205,4.165965665377398,7.050950580935251,5.107433417145118,7.050950580935251,5.107433417145118,0.10497805439391591,0.0059549157978457485,0.10497805439391591,0.0059549157978457485,0.12501527783159214,0.0,0.12501527783159214,0.0,0.0,9.291521486643438e-05,0.0,9.291521486643438e-05,0.5839265324263332,0.030424939322123708,0.5839265324263332,0.030424939322123708,2.9263601245623465,2.797110170413342,2.9263601245623465,2.797110170413342,1.062139599989381,0.9703541154638917,1.062139599989381,0.9703541154638917,0.10323423867347854,0.3985013795001641,0.10323423867347854,0.3985013795001641,2.009158248844174,3.813489815557609,2.009158248844174,3.813489815557609,1.1799824496351254,0.20154855238792352,1.1799824496351254,0.20154855238792352,0.9025932647459061,0.15092729743186548,0.9025932647459061,0.15092729743186548,0.06835343751309955,0.03853451380549044,0.06835343751309955,0.03853451380549044,144.0,99012.0,0.07676131056072195,0.04306001333180019,0.07676131056072195,0.04306001333180019,94.0,73699.0,0.039651900222169044,0.002238237920424629,0.039651900222169044,0.002238237920424629,1280.0,397630.0,0.06390460447045156,0.031527232439090995,0.06390460447045156,0.031527232439090995,315.0,183262.0,0.09606398315815991,0.055635826272373894,0.09606398315815991,0.055635826272373894,10.0,39909.0,0.02158876296232522,0.060389169867985606,0.02158876296232522,0.060389169867985606,18.0,34144.0,0.05956420200888921,0.037004390359012214,0.05956420200888921,0.037004390359012214,178.0,188918.0,0.04948903069501859,0.04757725442167164,0.04948903069501859,0.04757725442167164,38.0,63038.0,0.06509627075733843,0.03496740484289892,0.06509627075733843,0.03496740484289892,192.0,148131.0,11.0,-14.0,31.67806224486867,-1.0,6.0,0.0,-14770.921318421893,-6.0,-7.0,-0.003783819905394545,-0.003783819905394545,-0.07423170215219344,-0.07423170215219344,1.9435171637901334,1.9435171637901334,0.09902313859607016,0.09902313859607016,0.12501527783159214,0.12501527783159214,-9.291521486643438e-05,-9.291521486643438e-05,0.5535015931042094,0.5535015931042094,0.12924995414900442,0.12924995414900442,0.09178548452548929,0.09178548452548929,-0.2952671408266856,-0.2952671408266856,-1.8043315667134352,-1.8043315667134352,0.978433897247202,0.978433897247202,0.7516659673140406,0.7516659673140406,0.029818923707609114,0.029818923707609114,-98868.0,0.03370129722892176,0.03370129722892176,-73605.0,0.037413662301744414,0.037413662301744414,-396350.0,0.03237737203136056,0.03237737203136056,-182947.0,0.040428156885786014,0.040428156885786014,-39899.0,-0.03880040690566039,-0.03880040690566039,-34126.0,0.022559811649877,0.022559811649877,-188740.0,0.0019117762733469462,0.0019117762733469462,-63000.0,0.030128865914439508,0.030128865914439508,-147939.0
unknown,Stephen Thompson,Shavkat Rakhmonov,1983,1994,20,6,1075.4429756762374,1107.121037921106,1,0,0,6,0,0,21294.14295461165,6523.2216361897545,12,6,7,0,0.02752008364165828,0.023736263736263735,0.02752008364165828,0.023736263736263735,4.165965665377398,4.091733963225205,4.165965665377398,4.091733963225205,5.107433417145118,7.050950580935251,5.107433417145118,7.050950580935251,0.0059549157978457485,0.10497805439391591,0.0059549157978457485,0.10497805439391591,0.0,0.12501527783159214,0.0,0.12501527783159214,9.291521486643438e-05,0.0,9.291521486643438e-05,0.0,0.030424939322123708,0.5839265324263332,0.030424939322123708,0.5839265324263332,2.797110170413342,2.9263601245623465,2.797110170413342,2.9263601245623465,0.9703541154638917,1.062139599989381,0.9703541154638917,1.062139599989381,0.3985013795001641,0.10323423867347854,0.3985013795001641,0.10323423867347854,3.813489815557609,2.009158248844174,3.813489815557609,2.009158248844174,0.20154855238792352,1.1799824496351254,0.20154855238792352,1.1799824496351254,0.15092729743186548,0.9025932647459061,0.15092729743186548,0.9025932647459061,0.03853451380549044,0.06835343751309955,0.03853451380549044,0.06835343751309955,99012.0,144.0,0.04306001333180019,0.07676131056072195,0.04306001333180019,0.07676131056072195,73699.0,94.0,0.002238237920424629,0.039651900222169044,0.002238237920424629,0.039651900222169044,397630.0,1280.0,0.031527232439090995,0.06390460447045156,0.031527232439090995,0.06390460447045156,183262.0,315.0,0.055635826272373894,0.09606398315815991,0.055635826272373894,0.09606398315815991,39909.0,10.0,0.060389169867985606,0.02158876296232522,0.060389169867985606,0.02158876296232522,34144.0,18.0,0.037004390359012214,0.05956420200888921,0.037004390359012214,0.05956420200888921,188918.0,178.0,0.04757725442167164,0.04948903069501859,0.04757725442167164,0.04948903069501859,63038.0,38.0,0.03496740484289892,0.06509627075733843,0.03496740484289892,0.06509627075733843,148131.0,192.0,-11.0,14.0,-31.67806224486867,1.0,-6.0,0.0,14770.921318421893,6.0,7.0,0.003783819905394545,0.003783819905394545,0.07423170215219344,0.07423170215219344,-1.9435171637901334,-1.9435171637901334,-0.09902313859607016,-0.09902313859607016,-0.12501527783159214,-0.12501527783159214,9.291521486643438e-05,9.291521486643438e-05,-0.5535015931042094,-0.5535015931042094,-0.12924995414900442,-0.12924995414900442,-0.09178548452548929,-0.09178548452548929,0.2952671408266856,0.2952671408266856,1.8043315667134352,1.8043315667134352,-0.978433897247202,-0.978433897247202,-0.7516659673140406,-0.7516659673140406,-0.029818923707609114,-0.029818923707609114,98868.0,-0.03370129722892176,-0.03370129722892176,73605.0,-0.037413662301744414,-0.037413662301744414,396350.0,-0.03237737203136056,-0.03237737203136056,182947.0,-0.040428156885786014,-0.040428156885786014,39899.0,0.03880040690566039,0.03880040690566039,34126.0,-0.022559811649877,-0.022559811649877,188740.0,-0.0019117762733469462,-0.0019117762733469462,63000.0,-0.030128865914439508,-0.030128865914439508,147939.0
unknown,Paddy Pimblett,Tony Ferguson,1995,1984,5,23,1079.258481211227,1063.982273274068,0,7,5,0,0,2,5137.751012020622,24299.773883753314,5,15,0,8,0.034419668381932535,0.003631721722468773,0.034419668381932535,0.003631721722468773,5.042760940355873,4.864895504636783,5.042760940355873,4.864895504636783,7.377799380684341,5.638133665216148,7.377799380684341,5.638133665216148,0.07042727062593247,0.016743979604865927,0.07042727062593247,0.016743979604865927,0.10333141940990959,0.054142629652937514,0.10333141940990959,0.054142629652937514,0.0,0.0022972556275053964,0.0,0.0022972556275053964,0.3344743259101015,0.018581237339493795,0.3344743259101015,0.018581237339493795,3.285525732775978,2.8669427669914915,3.285525732775978,2.8669427669914915,0.7170151920042599,1.0774710349424068,0.7170151920042599,1.0774710349424068,1.0402200155756354,0.9204817027028843,1.0402200155756354,0.9204817027028843,3.3590246789393725,4.397555101963877,3.3590246789393725,4.397555101963877,0.32782063079577056,0.07502906933478083,0.32782063079577056,0.07502906933478083,1.3559156306207303,0.3923113333381247,1.3559156306207303,0.3923113333381247,0.04845030518413582,0.042874645557468546,0.04845030518413582,0.042874645557468546,33.0,265879.0,0.0570074474164846,0.047674536758935245,0.0570074474164846,0.047674536758935245,15.0,208014.0,0.03817240758504323,0.011844037855347801,0.03817240758504323,0.011844037855347801,250.0,607583.0,0.038028993488466736,0.035561013445718735,0.038028993488466736,0.035561013445718735,52.0,395399.0,0.05306706945029648,0.056773941321919444,0.05306706945029648,0.056773941321919444,24.0,46625.0,0.09249484665577265,0.07612259682122788,0.09249484665577265,0.07612259682122788,0.0,11588.0,0.0416083553561113,0.04038917715702131,0.0416083553561113,0.04038917715702131,42.0,322011.0,0.03318812548515358,0.036556300247155726,0.03318812548515358,0.036556300247155726,97.0,579950.0,0.07326230397598729,0.04621493004391296,0.07326230397598729,0.04621493004391296,28.0,313316.0,11.0,-18.0,15.276207937159143,-7.0,5.0,-2.0,-19162.022871732694,-10.0,-8.0,0.03078794665946376,0.03078794665946376,0.17786543571908986,0.17786543571908986,1.7396657154681936,1.7396657154681936,0.053683291021066545,0.053683291021066545,0.04918878975697207,0.04918878975697207,-0.0022972556275053964,-0.0022972556275053964,0.3158930885706077,0.3158930885706077,0.4185829657844864,0.4185829657844864,-0.3604558429381469,-0.3604558429381469,0.11973831287275105,0.11973831287275105,-1.0385304230245045,-1.0385304230245045,0.25279156146098974,0.25279156146098974,0.9636042972826055,0.9636042972826055,0.00557565962666727,0.00557565962666727,-265846.0,0.009332910657549355,0.009332910657549355,-207999.0,0.026328369729695426,0.026328369729695426,-607333.0,0.002467980042748001,0.002467980042748001,-395347.0,-0.0037068718716229618,-0.0037068718716229618,-46601.0,0.016372249834544772,0.016372249834544772,-11588.0,0.0012191781990899889,0.0012191781990899889,-321969.0,-0.0033681747620021435,-0.0033681747620021435,-579853.0,0.027047373932074334,0.027047373932074334,-313288.0
unknown,Tony Ferguson,Paddy Pimblett,1984,1995,23,5,1063.982273274068,1079.258481211227,7,0,0,5,2,0,24299.773883753314,5137.751012020622,15,5,8,0,0.003631721722468773,0.034419668381932535,0.003631721722468773,0.034419668381932535,4.864895504636783,5.042760940355873,4.864895504636783,5.042760940355873,5.638133665216148,7.377799380684341,5.638133665216148,7.377799380684341,0.016743979604865927,0.07042727062593247,0.016743979604865927,0.07042727062593247,0.054142629652937514,0.10333141940990959,0.054142629652937514,0.10333141940990959,0.0022972556275053964,0.0,0.0022972556275053964,0.0,0.018581237339493795,0.3344743259101015,0.018581237339493795,0.3344743259101015,2.8669427669914915,3.285525732775978,2.8669427669914915,3.285525732775978,1.0774710349424068,0.7170151920042599,1.0774710349424068,0.7170151920042599,0.9204817027028843,1.0402200155756354,0.9204817027028843,1.0402200155756354,4.397555101963877,3.3590246789393725,4.397555101963877,3.3590246789393725,0.07502906933478083,0.32782063079577056,0.07502906933478083,0.32782063079577056,0.3923113333381247,1.3559156306207303,0.3923113333381247,1.3559156306207303,0.042874645557468546,0.04845030518413582,0.042874645557468546,0.04845030518413582,265879.0,33.0,0.047674536758935245,0.0570074474164846,0.047674536758935245,0.0570074474164846,208014.0,15.0,0.011844037855347801,0.03817240758504323,0.011844037855347801,0.03817240758504323,607583.0,250.0,0.035561013445718735,0.038028993488466736,0.035561013445718735,0.038028993488466736,395399.0,52.0,0.056773941321919444,0.05306706945029648,0.056773941321919444,0.05306706945029648,46625.0,24.0,0.07612259682122788,0.09249484665577265,0.07612259682122788,0.09249484665577265,11588.0,0.0,0.04038917715702131,0.0416083553561113,0.04038917715702131,0.0416083553561113,322011.0,42.0,0.036556300247155726,0.03318812548515358,0.036556300247155726,0.03318812548515358,579950.0,97.0,0.04621493004391296,0.07326230397598729,0.04621493004391296,0.07326230397598729,313316.0,28.0,-11.0,18.0,-15.276207937159143,7.0,-5.0,2.0,19162.022871732694,10.0,8.0,-0.03078794665946376,-0.03078794665946376,-0.17786543571908986,-0.17786543571908986,-1.7396657154681936,-1.7396657154681936,-0.053683291021066545,-0.053683291021066545,-0.04918878975697207,-0.04918878975697207,0.0022972556275053964,0.0022972556275053964,-0.3158930885706077,-0.3158930885706077,-0.4185829657844864,-0.4185829657844864,0.3604558429381469,0.3604558429381469,-0.11973831287275105,-0.11973831287275105,1.0385304230245045,1.0385304230245045,-0.25279156146098974,-0.25279156146098974,-0.9636042972826055,-0.9636042972826055,-0.00557565962666727,-0.00557565962666727,265846.0,-0.009332910657549355,-0.009332910657549355,207999.0,-0.026328369729695426,-0.026328369729695426,607333.0,-0.002467980042748001,-0.002467980042748001,395347.0,0.0037068718716229618,0.0037068718716229618,46601.0,-0.016372249834544772,-0.016372249834544772,11588.0,-0.0012191781990899889,-0.0012191781990899889,321969.0,0.0033681747620021435,0.0033681747620021435,579853.0,-0.027047373932074334,-0.027047373932074334,313288.0
unknown,Josh Emmett,Bryce Mitchell,1985,1994,14,9,1096.9464040654805,1073.0881580591235,0,1,1,0,0,0,14791.559505537003,9332.986823604142,10,7,4,2,0.14890857414738384,0.008421052631578947,0.14890857414738384,0.008421052631578947,3.4247157719176475,1.8757714799820062,3.4247157719176475,1.8757714799820062,3.8147309036835195,4.075951417004049,3.8147309036835195,4.075951417004049,0.02370066180811971,0.18974358974358976,0.02370066180811971,0.18974358974358976,0.0002627257799671593,0.048924876293297344,0.0002627257799671593,0.048924876293297344,0.006568144499178983,0.0009356725146198831,0.006568144499178983,0.0009356725146198831,0.07168485256889981,0.3812160743739691,0.07168485256889981,0.3812160743739691,2.335639516917868,1.2081331533963113,2.335639516917868,1.2081331533963113,0.7152812911682785,0.5165272154745839,0.7152812911682785,0.5165272154745839,0.3737949638315003,0.15111111111111108,0.3737949638315003,0.15111111111111108,2.84424371116056,1.2409716599190286,2.84424371116056,1.2409716599190286,0.06203235310532826,0.03859649122807018,0.06203235310532826,0.03859649122807018,0.5184397076517588,0.5962033288349078,0.5184397076517588,0.5962033288349078,0.047403053903902176,0.037633243358207155,0.047403053903902176,0.037633243358207155,38547.0,3042.0,0.04920109461972836,0.04123956490764687,0.04920109461972836,0.04123956490764687,34533.0,2103.0,0.009827737975292105,0.02999970010496326,0.009827737975292105,0.02999970010496326,67096.0,10722.0,0.04831302709073706,0.03544977635370223,0.04831302709073706,0.03544977635370223,48141.0,3633.0,0.06036937308822428,0.04194915415968047,0.06036937308822428,0.04194915415968047,14595.0,2156.0,0.061530129974692635,0.04608187134502924,0.061530129974692635,0.04608187134502924,4409.0,442.0,0.0431262233090581,0.033815550515401305,0.0431262233090581,0.033815550515401305,41427.0,3565.0,0.014898632356302191,0.026518518518518518,0.014898632356302191,0.026518518518518518,29537.0,3988.0,0.037195208788812426,0.04036252758810778,0.037195208788812426,0.04036252758810778,36300.0,2332.0,-9.0,5.0,23.85824600635692,-1.0,1.0,0.0,5458.572681932861,3.0,2.0,0.1404875215158049,0.1404875215158049,1.5489442919356413,1.5489442919356413,-0.2612205133205294,-0.2612205133205294,-0.16604292793547004,-0.16604292793547004,-0.048662150513330185,-0.048662150513330185,0.005632471984559099,0.005632471984559099,-0.3095312218050693,-0.3095312218050693,1.1275063635215568,1.1275063635215568,0.19875407569369463,0.19875407569369463,0.2226838527203892,0.2226838527203892,1.6032720512415313,1.6032720512415313,0.02343586187725808,0.02343586187725808,-0.07776362118314895,-0.07776362118314895,0.00976981054569502,0.00976981054569502,35505.0,0.007961529712081493,0.007961529712081493,32430.0,-0.020171962129671157,-0.020171962129671157,56374.0,0.012863250737034829,0.012863250737034829,44508.0,0.018420218928543806,0.018420218928543806,12439.0,0.015448258629663397,0.015448258629663397,3967.0,0.009310672793656792,0.009310672793656792,37862.0,-0.011619886162216327,-0.011619886162216327,25549.0,-0.0031673187992953544,-0.0031673187992953544,33968.0
unknown,Bryce Mitchell,Josh Emmett,1994,1985,9,14,1073.0881580591235,1096.9464040654805,1,0,0,1,0,0,9332.986823604142,14791.559505537003,7,10,2,4,0.008421052631578947,0.14890857414738384,0.008421052631578947,0.14890857414738384,1.8757714799820062,3.4247157719176475,1.8757714799820062,3.4247157719176475,4.075951417004049,3.8147309036835195,4.075951417004049,3.8147309036835195,0.18974358974358976,0.02370066180811971,0.18974358974358976,0.02370066180811971,0.048924876293297344,0.0002627257799671593,0.048924876293297344,0.0002627257799671593,0.0009356725146198831,0.006568144499178983,0.0009356725146198831,0.006568144499178983,0.3812160743739691,0.07168485256889981,0.3812160743739691,0.07168485256889981,1.2081331533963113,2.335639516917868,1.2081331533963113,2.335639516917868,0.5165272154745839,0.7152812911682785,0.5165272154745839,0.7152812911682785,0.15111111111111108,0.3737949638315003,0.15111111111111108,0.3737949638315003,1.2409716599190286,2.84424371116056,1.2409716599190286,2.84424371116056,0.03859649122807018,0.06203235310532826,0.03859649122807018,0.06203235310532826,0.5962033288349078,0.5184397076517588,0.5962033288349078,0.5184397076517588,0.037633243358207155,0.047403053903902176,0.037633243358207155,0.047403053903902176,3042.0,38547.0,0.04123956490764687,0.04920109461972836,0.04123956490764687,0.04920109461972836,2103.0,34533.0,0.02999970010496326,0.009827737975292105,0.02999970010496326,0.009827737975292105,10722.0,67096.0,0.03544977635370223,0.04831302709073706,0.03544977635370223,0.04831302709073706,3633.0,48141.0,0.04194915415968047,0.06036937308822428,0.04194915415968047,0.06036937308822428,2156.0,14595.0,0.04608187134502924,0.061530129974692635,0.04608187134502924,0.061530129974692635,442.0,4409.0,0.033815550515401305,0.0431262233090581,0.033815550515401305,0.0431262233090581,3565.0,41427.0,0.026518518518518518,0.014898632356302191,0.026518518518518518,0.014898632356302191,3988.0,29537.0,0.04036252758810778,0.037195208788812426,0.04036252758810778,0.037195208788812426,2332.0,36300.0,9.0,-5.0,-23.85824600635692,1.0,-1.0,0.0,-5458.572681932861,-3.0,-2.0,-0.1404875215158049,-0.1404875215158049,-1.5489442919356413,-1.5489442919356413,0.2612205133205294,0.2612205133205294,0.16604292793547004,0.16604292793547004,0.048662150513330185,0.048662150513330185,-0.005632471984559099,-0.005632471984559099,0.3095312218050693,0.3095312218050693,-1.1275063635215568,-1.1275063635215568,-0.19875407569369463,-0.19875407569369463,-0.2226838527203892,-0.2226838527203892,-1.6032720512415313,-1.6032720512415313,-0.02343586187725808,-0.02343586187725808,0.07776362118314895,0.07776362118314895,-0.00976981054569502,-0.00976981054569502,-35505.0,-0.007961529712081493,-0.007961529712081493,-32430.0,0.020171962129671157,0.020171962129671157,-56374.0,-0.012863250737034829,-0.012863250737034829,-44508.0,-0.018420218928543806,-0.018420218928543806,-12439.0,-0.015448258629663397,-0.015448258629663397,-3967.0,-0.009310672793656792,-0.009310672793656792,-37862.0,0.011619886162216327,0.011619886162216327,-25549.0,0.0031673187992953544,0.0031673187992953544,-33968.0
unknown,Alonzo Menifield,Dustin Jacoby,1987,1988,12,13,1074.7781323382092,1031.2856619576153,0,1,4,0,0,0,12194.364696422252,13213.828594566145,8,7,3,5,0.12063822053652562,0.16774437588128244,0.12063822053652562,0.16774437588128244,4.001528685323988,6.559357190851579,4.001528685323988,6.559357190851579,5.842824150066996,7.312346704736694,5.842824150066996,7.312346704736694,0.09316204921838725,0.017094017094017096,0.09316204921838725,0.017094017094017096,0.05941651764153037,0.0,0.05941651764153037,0.0,0.005025641025641026,0.0,0.005025641025641026,0.0,0.2967442030785081,0.09605464017113705,0.2967442030785081,0.09605464017113705,3.4041918928745902,4.209240179559563,3.4041918928745902,4.209240179559563,0.35511983906726813,0.7672964813420372,0.35511983906726813,0.7672964813420372,0.24221695338212978,1.582820529949979,0.24221695338212978,1.582820529949979,2.6946436999746806,6.045614656774811,2.6946436999746806,6.045614656774811,0.5196706584673199,0.4712992234991714,0.5196706584673199,0.4712992234991714,0.7872143268819872,0.04244331057759786,0.7872143268819872,0.04244331057759786,0.12983198630147927,0.09161314369148475,0.12983198630147927,0.09161314369148475,7856.0,16602.0,0.13512810248001392,0.09328639361967939,0.13512810248001392,0.09328639361967939,4608.0,14597.0,0.05764556570190371,0.004924704924704925,0.05764556570190371,0.004924704924704925,35466.0,39020.0,0.12130098519800644,0.06624753399277769,0.12130098519800644,0.06624753399277769,15339.0,22312.0,0.16350448351175706,0.0579493547180998,0.16350448351175706,0.0579493547180998,324.0,8500.0,0.06488605758688301,0.21050758911235876,0.06488605758688301,0.21050758911235876,963.0,332.0,0.10740768590900296,0.10073947756162727,0.10740768590900296,0.10073947756162727,13388.0,18138.0,0.09743238583490617,0.04641454499899101,0.09743238583490617,0.04641454499899101,589.0,10337.0,0.13456397293004055,0.024186251181297958,0.13456397293004055,0.024186251181297958,24710.0,36509.0,-1.0,-1.0,43.492470380593886,-1.0,4.0,0.0,-1019.463898143893,1.0,-2.0,-0.04710615534475682,-0.04710615534475682,-2.557828505527591,-2.557828505527591,-1.4695225546696973,-1.4695225546696973,0.07606803212437016,0.07606803212437016,0.05941651764153037,0.05941651764153037,0.005025641025641026,0.005025641025641026,0.20068956290737103,0.20068956290737103,-0.8050482866849729,-0.8050482866849729,-0.4121766422747691,-0.4121766422747691,-1.3406035765678492,-1.3406035765678492,-3.3509709568001305,-3.3509709568001305,0.04837143496814844,0.04837143496814844,0.7447710163043894,0.7447710163043894,0.038218842609994516,0.038218842609994516,-8746.0,0.04184170886033453,0.04184170886033453,-9989.0,0.052720860777198786,0.052720860777198786,-3554.0,0.055053451205228754,0.055053451205228754,-6973.0,0.10555512879365725,0.10555512879365725,-8176.0,-0.14562153152547574,-0.14562153152547574,631.0,0.006668208347375693,0.006668208347375693,-4750.0,0.05101784083591516,0.05101784083591516,-9748.0,0.1103777217487426,0.1103777217487426,-11799.0
unknown,Dustin Jacoby,Alonzo Menifield,1988,1987,13,12,1031.2856619576153,1074.7781323382092,1,0,0,4,0,0,13213.828594566145,12194.364696422252,7,8,5,3,0.16774437588128244,0.12063822053652562,0.16774437588128244,0.12063822053652562,6.559357190851579,4.001528685323988,6.559357190851579,4.001528685323988,7.312346704736694,5.842824150066996,7.312346704736694,5.842824150066996,0.017094017094017096,0.09316204921838725,0.017094017094017096,0.09316204921838725,0.0,0.05941651764153037,0.0,0.05941651764153037,0.0,0.005025641025641026,0.0,0.005025641025641026,0.09605464017113705,0.2967442030785081,0.09605464017113705,0.2967442030785081,4.209240179559563,3.4041918928745902,4.209240179559563,3.4041918928745902,0.7672964813420372,0.35511983906726813,0.7672964813420372,0.35511983906726813,1.582820529949979,0.24221695338212978,1.582820529949979,0.24221695338212978,6.045614656774811,2.6946436999746806,6.045614656774811,2.6946436999746806,0.4712992234991714,0.5196706584673199,0.4712992234991714,0.5196706584673199,0.04244331057759786,0.7872143268819872,0.04244331057759786,0.7872143268819872,0.09161314369148475,0.12983198630147927,0.09161314369148475,0.12983198630147927,16602.0,7856.0,0.09328639361967939,0.13512810248001392,0.09328639361967939,0.13512810248001392,14597.0,4608.0,0.004924704924704925,0.05764556570190371,0.004924704924704925,0.05764556570190371,39020.0,35466.0,0.06624753399277769,0.12130098519800644,0.06624753399277769,0.12130098519800644,22312.0,15339.0,0.0579493547180998,0.16350448351175706,0.0579493547180998,0.16350448351175706,8500.0,324.0,0.21050758911235876,0.06488605758688301,0.21050758911235876,0.06488605758688301,332.0,963.0,0.10073947756162727,0.10740768590900296,0.10073947756162727,0.10740768590900296,18138.0,13388.0,0.04641454499899101,0.09743238583490617,0.04641454499899101,0.09743238583490617,10337.0,589.0,0.024186251181297958,0.13456397293004055,0.024186251181297958,0.13456397293004055,36509.0,24710.0,1.0,1.0,-43.492470380593886,1.0,-4.0,0.0,1019.463898143893,-1.0,2.0,0.04710615534475682,0.04710615534475682,2.557828505527591,2.557828505527591,1.4695225546696973,1.4695225546696973,-0.07606803212437016,-0.07606803212437016,-0.05941651764153037,-0.05941651764153037,-0.005025641025641026,-0.005025641025641026,-0.20068956290737103,-0.20068956290737103,0.8050482866849729,0.8050482866849729,0.4121766422747691,0.4121766422747691,1.3406035765678492,1.3406035765678492,3.3509709568001305,3.3509709568001305,-0.04837143496814844,-0.04837143496814844,-0.7447710163043894,-0.7447710163043894,-0.038218842609994516,-0.038218842609994516,8746.0,-0.04184170886033453,-0.04184170886033453,9989.0,-0.052720860777198786,-0.052720860777198786,3554.0,-0.055053451205228754,-0.055053451205228754,6973.0,-0.10555512879365725,-0.10555512879365725,8176.0,0.14562153152547574,0.14562153152547574,-631.0,-0.006668208347375693,-0.006668208347375693,4750.0,-0.05101784083591516,-0.05101784083591516,9748.0,-0.1103777217487426,-0.1103777217487426,11799.0
unknown,Cody Garbrandt,Brian Kelleher,1991,1986,14,16,1064.145099477536,1001.205986180785,0,3,2,0,1,0,14747.492483123193,16409.680715729042,9,8,5,8,0.1098923764945756,0.012908170261111436,0.1098923764945756,0.012908170261111436,3.539680018844603,2.310957474897318,3.539680018844603,2.310957474897318,3.7988790235958434,4.435142347209702,3.7988790235958434,4.435142347209702,0.03877906311691666,0.08321135541974954,0.03877906311691666,0.08321135541974954,0.0,0.12811330198208026,0.0,0.12811330198208026,0.0,0.006857848034318622,0.0,0.006857848034318622,0.07048451932012545,0.19994134025002108,0.07048451932012545,0.19994134025002108,2.508088692506223,1.2281655027803737,2.508088692506223,1.2281655027803737,0.39594891935533283,0.26291783952842457,0.39594891935533283,0.26291783952842457,0.6356424069830466,0.8198741325885199,0.6356424069830466,0.8198741325885199,2.9523910333136922,1.9358444742499736,2.9523910333136922,1.9358444742499736,0.34892140416278344,0.055187110500075666,0.34892140416278344,0.055187110500075666,0.2383675813681272,0.31992589014726874,0.2383675813681272,0.31992589014726874,0.09421101045047332,0.13813518548332004,0.09421101045047332,0.13813518548332004,19133.0,48622.0,0.09627733474573207,0.14499609711815695,0.09627733474573207,0.14499609711815695,15901.0,32562.0,0.009338833846853993,0.02029258625011682,0.009338833846853993,0.02029258625011682,76410.0,85528.0,0.08019528758484255,0.080865184572639,0.08019528758484255,0.080865184572639,24839.0,75399.0,0.08346591090148515,0.033160383056448084,0.08346591090148515,0.033160383056448084,19759.0,6597.0,0.1673268585607517,0.2692223791307132,0.1673268585607517,0.2692223791307132,4056.0,1928.0,0.08981081355300798,0.13660105099334913,0.08981081355300798,0.13660105099334913,22813.0,62666.0,0.09240589357830736,0.014508149586390877,0.09240589357830736,0.014508149586390877,29064.0,40842.0,0.0540693225323841,0.02686118407351288,0.0540693225323841,0.02686118407351288,12379.0,59091.0,5.0,-2.0,62.939113296750975,-3.0,2.0,1.0,-1662.1882326058494,1.0,-3.0,0.09698420623346417,0.09698420623346417,1.2287225439472849,1.2287225439472849,-0.6362633236138584,-0.6362633236138584,-0.04443229230283288,-0.04443229230283288,-0.12811330198208026,-0.12811330198208026,-0.006857848034318622,-0.006857848034318622,-0.12945682092989563,-0.12945682092989563,1.2799231897258492,1.2799231897258492,0.13303107982690826,0.13303107982690826,-0.1842317256054733,-0.1842317256054733,1.0165465590637186,1.0165465590637186,0.29373429366270776,0.29373429366270776,-0.08155830877914155,-0.08155830877914155,-0.04392417503284672,-0.04392417503284672,-29489.0,-0.04871876237242488,-0.04871876237242488,-16661.0,-0.010953752403262828,-0.010953752403262828,-9118.0,-0.000669896987796445,-0.000669896987796445,-50560.0,0.05030552784503707,0.05030552784503707,13162.0,-0.10189552056996148,-0.10189552056996148,2128.0,-0.04679023744034115,-0.04679023744034115,-39853.0,0.07789774399191648,0.07789774399191648,-11778.0,0.02720813845887122,0.02720813845887122,-46712.0
unknown,Brian Kelleher,Cody Garbrandt,1986,1991,16,14,1001.205986180785,1064.145099477536,3,0,0,2,0,1,16409.680715729042,14747.492483123193,8,9,8,5,0.012908170261111436,0.1098923764945756,0.012908170261111436,0.1098923764945756,2.310957474897318,3.539680018844603,2.310957474897318,3.539680018844603,4.435142347209702,3.7988790235958434,4.435142347209702,3.7988790235958434,0.08321135541974954,0.03877906311691666,0.08321135541974954,0.03877906311691666,0.12811330198208026,0.0,0.12811330198208026,0.0,0.006857848034318622,0.0,0.006857848034318622,0.0,0.19994134025002108,0.07048451932012545,0.19994134025002108,0.07048451932012545,1.2281655027803737,2.508088692506223,1.2281655027803737,2.508088692506223,0.26291783952842457,0.39594891935533283,0.26291783952842457,0.39594891935533283,0.8198741325885199,0.6356424069830466,0.8198741325885199,0.6356424069830466,1.9358444742499736,2.9523910333136922,1.9358444742499736,2.9523910333136922,0.055187110500075666,0.34892140416278344,0.055187110500075666,0.34892140416278344,0.31992589014726874,0.2383675813681272,0.31992589014726874,0.2383675813681272,0.13813518548332004,0.09421101045047332,0.13813518548332004,0.09421101045047332,48622.0,19133.0,0.14499609711815695,0.09627733474573207,0.14499609711815695,0.09627733474573207,32562.0,15901.0,0.02029258625011682,0.009338833846853993,0.02029258625011682,0.009338833846853993,85528.0,76410.0,0.080865184572639,0.08019528758484255,0.080865184572639,0.08019528758484255,75399.0,24839.0,0.033160383056448084,0.08346591090148515,0.033160383056448084,0.08346591090148515,6597.0,19759.0,0.2692223791307132,0.1673268585607517,0.2692223791307132,0.1673268585607517,1928.0,4056.0,0.13660105099334913,0.08981081355300798,0.13660105099334913,0.08981081355300798,62666.0,22813.0,0.014508149586390877,0.09240589357830736,0.014508149586390877,0.09240589357830736,40842.0,29064.0,0.02686118407351288,0.0540693225323841,0.02686118407351288,0.0540693225323841,59091.0,12379.0,-5.0,2.0,-62.939113296750975,3.0,-2.0,-1.0,1662.1882326058494,-1.0,3.0,-0.09698420623346417,-0.09698420623346417,-1.2287225439472849,-1.2287225439472849,0.6362633236138584,0.6362633236138584,0.04443229230283288,0.04443229230283288,0.12811330198208026,0.12811330198208026,0.006857848034318622,0.006857848034318622,0.12945682092989563,0.12945682092989563,-1.2799231897258492,-1.2799231897258492,-0.13303107982690826,-0.13303107982690826,0.1842317256054733,0.1842317256054733,-1.0165465590637186,-1.0165465590637186,-0.29373429366270776,-0.29373429366270776,0.08155830877914155,0.08155830877914155,0.04392417503284672,0.04392417503284672,29489.0,0.04871876237242488,0.04871876237242488,16661.0,0.010953752403262828,0.010953752403262828,9118.0,0.000669896987796445,0.000669896987796445,50560.0,-0.05030552784503707,-0.05030552784503707,-13162.0,0.10189552056996148,0.10189552056996148,-2128.0,0.04679023744034115,0.04679023744034115,39853.0,-0.07789774399191648,-0.07789774399191648,11778.0,-0.02720813845887122,-0.02720813845887122,46712.0
unknown,Tagir Ulanbekov,Cody Durden,1991,1991,5,9,1045.3726946583436,1030.0997993201804,0,1,2,0,0,0,5028.287414196879,9028.095151017797,4,5,1,3,0.04827031375703941,0.07739938080495357,0.04827031375703941,0.07739938080495357,2.8162992350035516,4.382043910890369,2.8162992350035516,4.382043910890369,4.96648287918706,6.957471481757815,4.96648287918706,6.957471481757815,0.2770541597833363,0.29722561366844485,0.2770541597833363,0.29722561366844485,0.39034994953930297,0.015204678362573098,0.39034994953930297,0.015204678362573098,0.053118798605524264,0.0,0.053118798605524264,0.0,0.6175065987852585,0.3967626674518918,0.6175065987852585,0.3967626674518918,2.337371908642597,3.349287576994637,2.337371908642597,3.349287576994637,0.3652024671493698,0.5954773493601104,0.3652024671493698,0.5954773493601104,0.11372485921158486,0.43727898453562164,0.11372485921158486,0.43727898453562164,1.7929605587728938,2.626681348030615,1.7929605587728938,2.626681348030615,0.4934727809064092,0.2363334819467864,0.4934727809064092,0.2363334819467864,0.5298658953242483,1.5190290809129683,0.5298658953242483,1.5190290809129683,0.09539136883944128,0.11430090645305804,0.09539136883944128,0.11430090645305804,43.0,1641.0,0.1298509153976559,0.12414218139537005,0.1298509153976559,0.12414218139537005,11.0,945.0,0.1215022865032384,0.08461348245982245,0.1215022865032384,0.08461348245982245,419.0,3908.0,0.10005346670204532,0.09699627608497505,0.10005346670204532,0.09699627608497505,78.0,2520.0,0.05280444877277667,0.20284602495665527,0.05280444877277667,0.20284602495665527,1.0,231.0,0.06246944795617361,0.05974279460756716,0.06246944795617361,0.05974279460756716,2.0,72.0,0.0734784350413563,0.10366605138691513,0.0734784350413563,0.10366605138691513,59.0,2153.0,0.058324703811429464,0.13222518223531948,0.058324703811429464,0.13222518223531948,64.0,881.0,0.195883413125864,0.12297757382457525,0.195883413125864,0.12297757382457525,5.0,923.0,0.0,-4.0,15.272895338163153,-1.0,2.0,0.0,-3999.807736820918,-1.0,-2.0,-0.029129067047914153,-0.029129067047914153,-1.5657446758868172,-1.5657446758868172,-1.9909886025707548,-1.9909886025707548,-0.020171453885108548,-0.020171453885108548,0.37514527117672986,0.37514527117672986,0.053118798605524264,0.053118798605524264,0.22074393133336667,0.22074393133336667,-1.01191566835204,-1.01191566835204,-0.2302748822107406,-0.2302748822107406,-0.32355412532403677,-0.32355412532403677,-0.8337207892577212,-0.8337207892577212,0.25713929895962284,0.25713929895962284,-0.98916318558872,-0.98916318558872,-0.01890953761361676,-0.01890953761361676,-1598.0,0.005708734002285845,0.005708734002285845,-934.0,0.03688880404341595,0.03688880404341595,-3489.0,0.003057190617070271,0.003057190617070271,-2442.0,-0.1500415761838786,-0.1500415761838786,-230.0,0.0027266533486064518,0.0027266533486064518,-70.0,-0.030187616345558832,-0.030187616345558832,-2094.0,-0.07390047842389003,-0.07390047842389003,-817.0,0.07290583930128874,0.07290583930128874,-918.0
unknown,Cody Durden,Tagir Ulanbekov,1991,1991,9,5,1030.0997993201804,1045.3726946583436,1,0,0,2,0,0,9028.095151017797,5028.287414196879,5,4,3,1,0.07739938080495357,0.04827031375703941,0.07739938080495357,0.04827031375703941,4.382043910890369,2.8162992350035516,4.382043910890369,2.8162992350035516,6.957471481757815,4.96648287918706,6.957471481757815,4.96648287918706,0.29722561366844485,0.2770541597833363,0.29722561366844485,0.2770541597833363,0.015204678362573098,0.39034994953930297,0.015204678362573098,0.39034994953930297,0.0,0.053118798605524264,0.0,0.053118798605524264,0.3967626674518918,0.6175065987852585,0.3967626674518918,0.6175065987852585,3.349287576994637,2.337371908642597,3.349287576994637,2.337371908642597,0.5954773493601104,0.3652024671493698,0.5954773493601104,0.3652024671493698,0.43727898453562164,0.11372485921158486,0.43727898453562164,0.11372485921158486,2.626681348030615,1.7929605587728938,2.626681348030615,1.7929605587728938,0.2363334819467864,0.4934727809064092,0.2363334819467864,0.4934727809064092,1.5190290809129683,0.5298658953242483,1.5190290809129683,0.5298658953242483,0.11430090645305804,0.09539136883944128,0.11430090645305804,0.09539136883944128,1641.0,43.0,0.12414218139537005,0.1298509153976559,0.12414218139537005,0.1298509153976559,945.0,11.0,0.08461348245982245,0.1215022865032384,0.08461348245982245,0.1215022865032384,3908.0,419.0,0.09699627608497505,0.10005346670204532,0.09699627608497505,0.10005346670204532,2520.0,78.0,0.20284602495665527,0.05280444877277667,0.20284602495665527,0.05280444877277667,231.0,1.0,0.05974279460756716,0.06246944795617361,0.05974279460756716,0.06246944795617361,72.0,2.0,0.10366605138691513,0.0734784350413563,0.10366605138691513,0.0734784350413563,2153.0,59.0,0.13222518223531948,0.058324703811429464,0.13222518223531948,0.058324703811429464,881.0,64.0,0.12297757382457525,0.195883413125864,0.12297757382457525,0.195883413125864,923.0,5.0,0.0,4.0,-15.272895338163153,1.0,-2.0,0.0,3999.807736820918,1.0,2.0,0.029129067047914153,0.029129067047914153,1.5657446758868172,1.5657446758868172,1.9909886025707548,1.9909886025707548,0.020171453885108548,0.020171453885108548,-0.37514527117672986,-0.37514527117672986,-0.053118798605524264,-0.053118798605524264,-0.22074393133336667,-0.22074393133336667,1.01191566835204,1.01191566835204,0.2302748822107406,0.2302748822107406,0.32355412532403677,0.32355412532403677,0.8337207892577212,0.8337207892577212,-0.25713929895962284,-0.25713929895962284,0.98916318558872,0.98916318558872,0.01890953761361676,0.01890953761361676,1598.0,-0.005708734002285845,-0.005708734002285845,934.0,-0.03688880404341595,-0.03688880404341595,3489.0,-0.003057190617070271,-0.003057190617070271,2442.0,0.1500415761838786,0.1500415761838786,230.0,-0.0027266533486064518,-0.0027266533486064518,70.0,0.030187616345558832,0.030187616345558832,2094.0,0.07390047842389003,0.07390047842389003,817.0,-0.07290583930128874,-0.07290583930128874,918.0
unknown,Andre Fili,Lucas Almeida,1990,1991,21,3,1030.2401940932496,986.5518421788712,0,2,1,0,0,0,21387.127029520037,3074.1782369680836,11,1,9,2,0.06709189783869532,0.013086150490730643,0.06709189783869532,0.013086150490730643,4.700211266208158,2.3941712649340308,4.700211266208158,2.3941712649340308,5.565499604599678,2.560506501318661,5.565499604599678,2.560506501318661,0.08403369700604846,0.0,0.08403369700604846,0.0,0.017154938085170643,0.0,0.017154938085170643,0.0,0.019712070874861574,0.0,0.019712070874861574,0.0,0.12051655822043034,0.014503816793893131,0.12051655822043034,0.014503816793893131,3.859815383901699,0.3913191086603156,3.859815383901699,0.3913191086603156,0.5014481353072625,0.14670601064853422,0.5014481353072625,0.14670601064853422,0.3389477469991971,1.8561461456251807,0.3389477469991971,1.8561461456251807,3.952287856926216,2.2147498780586696,3.952287856926216,2.2147498780586696,0.08839734906364674,0.04201680672268908,0.08839734906364674,0.04201680672268908,0.6595260602182962,0.13740458015267176,0.6595260602182962,0.13740458015267176,0.10808653675076615,0.09701317475981044,0.10808653675076615,0.09701317475981044,153782.0,3.0,0.1128212137353086,0.1015831425621182,0.1128212137353086,0.1015831425621182,102197.0,2.0,0.030051262198204084,0.0,0.030051262198204084,0.0,855247.0,25.0,0.10432576933719265,0.01874404695041914,0.10432576933719265,0.01874404695041914,345908.0,4.0,0.0731357907837062,0.04677540690113658,0.0731357907837062,0.04677540690113658,159479.0,6.0,0.09714677281028836,0.17302326862563458,0.09714677281028836,0.17302326862563458,1336.0,0.0,0.09949447207683887,0.08970193267384838,0.09949447207683887,0.08970193267384838,143442.0,10.0,0.029029861531059898,0.04201680672268908,0.029029861531059898,0.04201680672268908,758519.0,16.0,0.06982274120398395,0.004432405811376508,0.06982274120398395,0.004432405811376508,413214.0,0.0,-1.0,18.0,43.68835191437836,-2.0,1.0,0.0,18312.948792551953,10.0,7.0,0.05400574734796468,0.05400574734796468,2.3060400012741273,2.3060400012741273,3.004993103281017,3.004993103281017,0.08403369700604846,0.08403369700604846,0.017154938085170643,0.017154938085170643,0.019712070874861574,0.019712070874861574,0.1060127414265372,0.1060127414265372,3.4684962752413835,3.4684962752413835,0.3547421246587283,0.3547421246587283,-1.5171983986259836,-1.5171983986259836,1.7375379788675462,1.7375379788675462,0.04638054234095766,0.04638054234095766,0.5221214800656244,0.5221214800656244,0.01107336199095571,0.01107336199095571,153779.0,0.011238071173190395,0.011238071173190395,102195.0,0.030051262198204084,0.030051262198204084,855222.0,0.0855817223867735,0.0855817223867735,345904.0,0.026360383882569623,0.026360383882569623,159473.0,-0.07587649581534622,-0.07587649581534622,1336.0,0.009792539402990491,0.009792539402990491,143432.0,-0.012986945191629181,-0.012986945191629181,758503.0,0.06539033539260744,0.06539033539260744,413214.0
unknown,Lucas Almeida,Andre Fili,1991,1990,3,21,986.5518421788712,1030.2401940932496,2,0,0,1,0,0,3074.1782369680836,21387.127029520037,1,11,2,9,0.013086150490730643,0.06709189783869532,0.013086150490730643,0.06709189783869532,2.3941712649340308,4.700211266208158,2.3941712649340308,4.700211266208158,2.560506501318661,5.565499604599678,2.560506501318661,5.565499604599678,0.0,0.08403369700604846,0.0,0.08403369700604846,0.0,0.017154938085170643,0.0,0.017154938085170643,0.0,0.019712070874861574,0.0,0.019712070874861574,0.014503816793893131,0.12051655822043034,0.014503816793893131,0.12051655822043034,0.3913191086603156,3.859815383901699,0.3913191086603156,3.859815383901699,0.14670601064853422,0.5014481353072625,0.14670601064853422,0.5014481353072625,1.8561461456251807,0.3389477469991971,1.8561461456251807,0.3389477469991971,2.2147498780586696,3.952287856926216,2.2147498780586696,3.952287856926216,0.04201680672268908,0.08839734906364674,0.04201680672268908,0.08839734906364674,0.13740458015267176,0.6595260602182962,0.13740458015267176,0.6595260602182962,0.09701317475981044,0.10808653675076615,0.09701317475981044,0.10808653675076615,3.0,153782.0,0.1015831425621182,0.1128212137353086,0.1015831425621182,0.1128212137353086,2.0,102197.0,0.0,0.030051262198204084,0.0,0.030051262198204084,25.0,855247.0,0.01874404695041914,0.10432576933719265,0.01874404695041914,0.10432576933719265,4.0,345908.0,0.04677540690113658,0.0731357907837062,0.04677540690113658,0.0731357907837062,6.0,159479.0,0.17302326862563458,0.09714677281028836,0.17302326862563458,0.09714677281028836,0.0,1336.0,0.08970193267384838,0.09949447207683887,0.08970193267384838,0.09949447207683887,10.0,143442.0,0.04201680672268908,0.029029861531059898,0.04201680672268908,0.029029861531059898,16.0,758519.0,0.004432405811376508,0.06982274120398395,0.004432405811376508,0.06982274120398395,0.0,413214.0,1.0,-18.0,-43.68835191437836,2.0,-1.0,0.0,-18312.948792551953,-10.0,-7.0,-0.05400574734796468,-0.05400574734796468,-2.3060400012741273,-2.3060400012741273,-3.004993103281017,-3.004993103281017,-0.08403369700604846,-0.08403369700604846,-0.017154938085170643,-0.017154938085170643,-0.019712070874861574,-0.019712070874861574,-0.1060127414265372,-0.1060127414265372,-3.4684962752413835,-3.4684962752413835,-0.3547421246587283,-0.3547421246587283,1.5171983986259836,1.5171983986259836,-1.7375379788675462,-1.7375379788675462,-0.04638054234095766,-0.04638054234095766,-0.5221214800656244,-0.5221214800656244,-0.01107336199095571,-0.01107336199095571,-153779.0,-0.011238071173190395,-0.011238071173190395,-102195.0,-0.030051262198204084,-0.030051262198204084,-855222.0,-0.0855817223867735,-0.0855817223867735,-345904.0,-0.026360383882569623,-0.026360383882569623,-159473.0,0.07587649581534622,0.07587649581534622,-1336.0,-0.009792539402990491,-0.009792539402990491,-143432.0,0.012986945191629181,0.012986945191629181,-758503.0,-0.06539033539260744,-0.06539033539260744,-413214.0
