Result,Red Fighter,Blue Fighter,Title,Date,Red age,Blue age,age oppdiff,Red dob,Blue dob,Red totalfights,Blue totalfights,Red elo,Blue elo,Red losestreak,Blue losestreak,Red winstreak,Blue winstreak,Red titlewins,Blue titlewins,Red oppelo,Blue oppelo,Red wins,Blue wins,Red losses,Blue losses,Red avg age,Blue avg age,Red KD,Blue KD,Red KD differential,Blue KD differential,Red Sig. str.,Blue Sig. str.,Red Sig. str. differential,Blue Sig. str. differential,Red Total str.,Blue Total str.,Red Total str. differential,Blue Total str. differential,Red Td,Blue Td,Red Td differential,Blue Td differential,Red Sub. att,Blue Sub. att,Red Sub. att differential,Blue Sub. att differential,Red Rev.,Blue Rev.,Red Rev. differential,Blue Rev. differential,Red Ctrl,Blue Ctrl,Red Ctrl differential,Blue Ctrl differential,Red Head,Blue Head,Red Head differential,Blue Head differential,Red Body,Blue Body,Red Body differential,Blue Body differential,Red Leg,Blue Leg,Red Leg differential,Blue Leg differential,Red Distance,Blue Distance,Red Distance differential,Blue Distance differential,Red Clinch,Blue Clinch,Red Clinch differential,Blue Clinch differential,Red Ground,Blue Ground,Red Ground differential,Blue Ground differential,Red Sig. str.%,Blue Sig. str.%,Red Sig. str.% differential,Blue Sig. str.% differential,Red Sig. str.% defense,Blue Sig. str.% defense,Red Total str.%,Blue Total str.%,Red Total str.% differential,Blue Total str.% differential,Red Total str.% defense,Blue Total str.% defense,Red Td%,Blue Td%,Red Td% differential,Blue Td% differential,Red Td% defense,Blue Td% defense,Red Head%,Blue Head%,Red Head% differential,Blue Head% differential,Red Head% defense,Blue Head% defense,Red Body%,Blue Body%,Red Body% differential,Blue Body% differential,Red Body% defense,Blue Body% defense,Red Leg%,Blue Leg%,Red Leg% differential,Blue Leg% differential,Red Leg% defense,Blue Leg% defense,Red Distance%,Blue Distance%,Red Distance% differential,Blue Distance% differential,Red Distance% defense,Blue Distance% defense,Red Clinch%,Blue Clinch%,Red Clinch% differential,Blue Clinch% differential,Red Clinch% defense,Blue Clinch% defense,Red Ground%,Blue Ground%,Red Ground% differential,Blue Ground% differential,Red Ground% defense,Blue Ground% defense,dob oppdiff,totalfights oppdiff,elo oppdiff,losestreak oppdiff,winstreak oppdiff,titlewins oppdiff,oppelo oppdiff,wins oppdiff,losses oppdiff,avg age oppdiff,KD oppdiff,KD differential oppdiff,Sig. str. oppdiff,Sig. str. differential oppdiff,Total str. oppdiff,Total str. differential oppdiff,Td oppdiff,Td differential oppdiff,Sub. att oppdiff,Sub. att differential oppdiff,Rev. oppdiff,Rev. differential oppdiff,Ctrl oppdiff,Ctrl differential oppdiff,Head oppdiff,Head differential oppdiff,Body oppdiff,Body differential oppdiff,Leg oppdiff,Leg differential oppdiff,Distance oppdiff,Distance differential oppdiff,Clinch oppdiff,Clinch differential oppdiff,Ground oppdiff,Ground differential oppdiff,Sig. str.% oppdiff,Sig. str.% differential oppdiff,Sig. str.% defense oppdiff,Total str.% oppdiff,Total str.% differential oppdiff,Total str.% defense oppdiff,Td% oppdiff,Td% differential oppdiff,Td% defense oppdiff,Head% oppdiff,Head% differential oppdiff,Head% defense oppdiff,Body% oppdiff,Body% differential oppdiff,Body% defense oppdiff,Leg% oppdiff,Leg% differential oppdiff,Leg% defense oppdiff,Distance% oppdiff,Distance% differential oppdiff,Distance% defense oppdiff,Clinch% oppdiff,Clinch% differential oppdiff,Clinch% defense oppdiff,Ground% oppdiff,Ground% differential oppdiff,Ground% defense oppdiff
unknown,Magomed Ankalaev,Johnny Walker,,,32,32,0,1992,1992,12,12,1118.652251549475,1060.5183703910675,0,0,9,3,0,0,12451.192383597401,12614.577588380816,9,7,1,4,,,0.03744965650848004,0.116354565494837,0.03744965650848004,0.116354565494837,4.298380587933777,4.73180754855246,4.298380587933777,4.73180754855246,6.309131174468611,5.6910732959103045,6.309131174468611,5.6910732959103045,0.1136611356298037,0.039402758493011204,0.1136611356298037,0.039402758493011204,0.0,0.08097750624826437,0.0,0.08097750624826437,0.00020535637888251904,0.04994357963505933,0.00020535637888251904,0.04994357963505933,0.28574834965675616,0.10870806539383486,0.28574834965675616,0.10870806539383486,2.7566200857171634,2.5436397178317907,2.7566200857171634,2.5436397178317907,0.9112093433994896,0.40315499300633606,0.9112093433994896,0.40315499300633606,0.6305511588171234,1.7850128377143344,0.6305511588171234,1.7850128377143344,2.894378841487038,3.1917800077454754,2.894378841487038,3.1917800077454754,0.27416679582199,0.4697310100303125,0.27416679582199,0.4697310100303125,1.129834950624749,1.0702965307766734,1.129834950624749,1.0702965307766734,0.12008400300177534,0.19750323409791165,0.12008400300177534,0.19750323409791165,8969.0,6798.0,0.12494751198450683,0.1969060160768468,0.12494751198450683,0.1969060160768468,6594.0,5444.0,0.07726021380299954,0.039402758493011204,0.07726021380299954,0.039402758493011204,52373.0,7399.0,0.10205584154006735,0.16237338983811758,0.10205584154006735,0.16237338983811758,22262.0,14716.0,0.17144959358678072,0.14249158793897418,0.17144959358678072,0.14249158793897418,5826.0,4869.0,0.18641634674636626,0.23665773521510167,0.18641634674636626,0.23665773521510167,130.0,2001.0,0.11273797800558073,0.18972514484486644,0.11273797800558073,0.18972514484486644,9486.0,6214.0,0.12496241573823061,0.10925191088243508,0.12496241573823061,0.10925191088243508,11923.0,15687.0,0.0955225815147611,0.1444293294932472,0.0955225815147611,0.1444293294932472,20670.0,11631.0,0.0,0.0,58.133881158407576,0.0,6.0,0.0,-163.38520478341525,2.0,-3.0,,-0.07890490898635696,-0.07890490898635696,-0.43342696061868313,-0.43342696061868313,0.6180578785583064,0.6180578785583064,0.07425837713679251,0.07425837713679251,-0.08097750624826437,-0.08097750624826437,-0.049738223256176814,-0.049738223256176814,0.1770402842629213,0.1770402842629213,0.21298036788537278,0.21298036788537278,0.5080543503931535,0.5080543503931535,-1.1544616788972109,-1.1544616788972109,-0.2974011662584375,-0.2974011662584375,-0.19556421420832248,-0.19556421420832248,0.05953841984807551,0.05953841984807551,-0.07741923109613631,-0.07741923109613631,2171.0,-0.07195850409233996,-0.07195850409233996,1150.0,0.03785745530998833,0.03785745530998833,44974.0,-0.060317548298050236,-0.060317548298050236,7546.0,0.02895800564780654,0.02895800564780654,957.0,-0.05024138846873541,-0.05024138846873541,-1871.0,-0.0769871668392857,-0.0769871668392857,3272.0,0.015710504855795532,0.015710504855795532,-3764.0,-0.048906747978486084,-0.048906747978486084,9039.0
unknown,Johnny Walker,Magomed Ankalaev,,,32,32,0,1992,1992,12,12,1060.5183703910675,1118.652251549475,0,0,3,9,0,0,12614.577588380816,12451.192383597401,7,9,4,1,,,0.116354565494837,0.03744965650848004,0.116354565494837,0.03744965650848004,4.73180754855246,4.298380587933777,4.73180754855246,4.298380587933777,5.6910732959103045,6.309131174468611,5.6910732959103045,6.309131174468611,0.039402758493011204,0.1136611356298037,0.039402758493011204,0.1136611356298037,0.08097750624826437,0.0,0.08097750624826437,0.0,0.04994357963505933,0.00020535637888251904,0.04994357963505933,0.00020535637888251904,0.10870806539383486,0.28574834965675616,0.10870806539383486,0.28574834965675616,2.5436397178317907,2.7566200857171634,2.5436397178317907,2.7566200857171634,0.40315499300633606,0.9112093433994896,0.40315499300633606,0.9112093433994896,1.7850128377143344,0.6305511588171234,1.7850128377143344,0.6305511588171234,3.1917800077454754,2.894378841487038,3.1917800077454754,2.894378841487038,0.4697310100303125,0.27416679582199,0.4697310100303125,0.27416679582199,1.0702965307766734,1.129834950624749,1.0702965307766734,1.129834950624749,0.19750323409791165,0.12008400300177534,0.19750323409791165,0.12008400300177534,6798.0,8969.0,0.1969060160768468,0.12494751198450683,0.1969060160768468,0.12494751198450683,5444.0,6594.0,0.039402758493011204,0.07726021380299954,0.039402758493011204,0.07726021380299954,7399.0,52373.0,0.16237338983811758,0.10205584154006735,0.16237338983811758,0.10205584154006735,14716.0,22262.0,0.14249158793897418,0.17144959358678072,0.14249158793897418,0.17144959358678072,4869.0,5826.0,0.23665773521510167,0.18641634674636626,0.23665773521510167,0.18641634674636626,2001.0,130.0,0.18972514484486644,0.11273797800558073,0.18972514484486644,0.11273797800558073,6214.0,9486.0,0.10925191088243508,0.12496241573823061,0.10925191088243508,0.12496241573823061,15687.0,11923.0,0.1444293294932472,0.0955225815147611,0.1444293294932472,0.0955225815147611,11631.0,20670.0,0.0,0.0,-58.133881158407576,0.0,-6.0,0.0,163.38520478341525,-2.0,3.0,,0.07890490898635696,0.07890490898635696,0.43342696061868313,0.43342696061868313,-0.6180578785583064,-0.6180578785583064,-0.07425837713679251,-0.07425837713679251,0.08097750624826437,0.08097750624826437,0.049738223256176814,0.049738223256176814,-0.1770402842629213,-0.1770402842629213,-0.21298036788537278,-0.21298036788537278,-0.5080543503931535,-0.5080543503931535,1.1544616788972109,1.1544616788972109,0.2974011662584375,0.2974011662584375,0.19556421420832248,0.19556421420832248,-0.05953841984807551,-0.05953841984807551,0.07741923109613631,0.07741923109613631,-2171.0,0.07195850409233996,0.07195850409233996,-1150.0,-0.03785745530998833,-0.03785745530998833,-44974.0,0.060317548298050236,0.060317548298050236,-7546.0,-0.02895800564780654,-0.02895800564780654,-957.0,0.05024138846873541,0.05024138846873541,1871.0,0.0769871668392857,0.0769871668392857,-3272.0,-0.015710504855795532,-0.015710504855795532,3764.0,0.048906747978486084,0.048906747978486084,-9039.0
unknown,Jim Miller,Gabriel Benitez,,,41,36,5,1983,1988,42,13,1073.1560378556128,1009.0439100850265,0,0,1,1,0,0,43465.57431395284,13100.070476455046,25,7,16,6,,,0.2002253782318052,0.1357201875617991,0.2002253782318052,0.1357201875617991,3.6826822677239845,7.870746006373794,3.6826822677239845,7.870746006373794,4.668540339582296,8.62335088987135,4.668540339582296,8.62335088987135,0.131694738742514,0.15017124442909924,0.131694738742514,0.15017124442909924,0.15461141969741177,0.014801992025538696,0.15461141969741177,0.014801992025538696,0.007250535558724922,0.01284532991850065,0.007250535558724922,0.01284532991850065,0.18670221516490934,0.13219607766175545,0.18670221516490934,0.13219607766175545,2.3964729084296263,4.5632988223184165,2.3964729084296263,4.5632988223184165,0.5723447101914949,1.865728698493773,0.5723447101914949,1.865728698493773,0.7138646491028631,1.441718485561605,0.7138646491028631,1.441718485561605,2.614419710338653,5.547344492536014,2.614419710338653,5.547344492536014,0.3314285096087372,0.23007009627063715,0.3314285096087372,0.23007009627063715,0.736834047776595,2.093331417567145,0.736834047776595,2.093331417567145,0.2143023547811828,0.12791943323316873,0.2143023547811828,0.12791943323316873,15580930.0,13550.0,0.22675159661169084,0.1295338134567601,0.22675159661169084,0.1295338134567601,9508601.0,12070.0,0.08476120545731328,0.12110797592921103,0.08476120545731328,0.12110797592921103,27394870.0,62280.0,0.1693836909552309,0.10150914919171457,0.1693836909552309,0.10150914919171457,18765589.0,17915.0,0.11245584669763925,0.23048560228078857,0.11245584669763925,0.23048560228078857,6534302.0,3249.0,0.19723673649606713,0.2502528759878275,0.19723673649606713,0.2502528759878275,4380237.0,462.0,0.19548517623349207,0.10921373003451597,0.19548517623349207,0.10921373003451597,20180839.0,14612.0,0.050998391697657984,0.07918589391440188,0.050998391697657984,0.07918589391440188,13233196.0,16194.0,0.2498021264198082,0.12699552016100005,0.2498021264198082,0.12699552016100005,16502760.0,48693.0,-5.0,29.0,64.11212777058631,0.0,0.0,0.0,30365.503837497796,18.0,10.0,,0.0645051906700061,0.0645051906700061,-4.188063738649809,-4.188063738649809,-3.9548105502890545,-3.9548105502890545,-0.018476505686585237,-0.018476505686585237,0.13980942767187307,0.13980942767187307,-0.005594794359775728,-0.005594794359775728,0.05450613750315389,0.05450613750315389,-2.16682591388879,-2.16682591388879,-1.2933839883022782,-1.2933839883022782,-0.7278538364587419,-0.7278538364587419,-2.9329247821973605,-2.9329247821973605,0.10135841333810006,0.10135841333810006,-1.3564973697905498,-1.3564973697905498,0.08638292154801408,0.08638292154801408,15567380.0,0.09721778315493074,0.09721778315493074,9496531.0,-0.03634677047189776,-0.03634677047189776,27332590.0,0.06787454176351633,0.06787454176351633,18747674.0,-0.11802975558314932,-0.11802975558314932,6531053.0,-0.0530161394917604,-0.0530161394917604,4379775.0,0.0862714461989761,0.0862714461989761,20166227.0,-0.028187502216743897,-0.028187502216743897,13217002.0,0.12280660625880815,0.12280660625880815,16454067.0
unknown,Gabriel Benitez,Jim Miller,,,36,41,-5,1988,1983,13,42,1009.0439100850265,1073.1560378556128,0,0,1,1,0,0,13100.070476455046,43465.57431395284,7,25,6,16,,,0.1357201875617991,0.2002253782318052,0.1357201875617991,0.2002253782318052,7.870746006373794,3.6826822677239845,7.870746006373794,3.6826822677239845,8.62335088987135,4.668540339582296,8.62335088987135,4.668540339582296,0.15017124442909924,0.131694738742514,0.15017124442909924,0.131694738742514,0.014801992025538696,0.15461141969741177,0.014801992025538696,0.15461141969741177,0.01284532991850065,0.007250535558724922,0.01284532991850065,0.007250535558724922,0.13219607766175545,0.18670221516490934,0.13219607766175545,0.18670221516490934,4.5632988223184165,2.3964729084296263,4.5632988223184165,2.3964729084296263,1.865728698493773,0.5723447101914949,1.865728698493773,0.5723447101914949,1.441718485561605,0.7138646491028631,1.441718485561605,0.7138646491028631,5.547344492536014,2.614419710338653,5.547344492536014,2.614419710338653,0.23007009627063715,0.3314285096087372,0.23007009627063715,0.3314285096087372,2.093331417567145,0.736834047776595,2.093331417567145,0.736834047776595,0.12791943323316873,0.2143023547811828,0.12791943323316873,0.2143023547811828,13550.0,15580930.0,0.1295338134567601,0.22675159661169084,0.1295338134567601,0.22675159661169084,12070.0,9508601.0,0.12110797592921103,0.08476120545731328,0.12110797592921103,0.08476120545731328,62280.0,27394870.0,0.10150914919171457,0.1693836909552309,0.10150914919171457,0.1693836909552309,17915.0,18765589.0,0.23048560228078857,0.11245584669763925,0.23048560228078857,0.11245584669763925,3249.0,6534302.0,0.2502528759878275,0.19723673649606713,0.2502528759878275,0.19723673649606713,462.0,4380237.0,0.10921373003451597,0.19548517623349207,0.10921373003451597,0.19548517623349207,14612.0,20180839.0,0.07918589391440188,0.050998391697657984,0.07918589391440188,0.050998391697657984,16194.0,13233196.0,0.12699552016100005,0.2498021264198082,0.12699552016100005,0.2498021264198082,48693.0,16502760.0,5.0,-29.0,-64.11212777058631,0.0,0.0,0.0,-30365.503837497796,-18.0,-10.0,,-0.0645051906700061,-0.0645051906700061,4.188063738649809,4.188063738649809,3.9548105502890545,3.9548105502890545,0.018476505686585237,0.018476505686585237,-0.13980942767187307,-0.13980942767187307,0.005594794359775728,0.005594794359775728,-0.05450613750315389,-0.05450613750315389,2.16682591388879,2.16682591388879,1.2933839883022782,1.2933839883022782,0.7278538364587419,0.7278538364587419,2.9329247821973605,2.9329247821973605,-0.10135841333810006,-0.10135841333810006,1.3564973697905498,1.3564973697905498,-0.08638292154801408,-0.08638292154801408,-15567380.0,-0.09721778315493074,-0.09721778315493074,-9496531.0,0.03634677047189776,0.03634677047189776,-27332590.0,-0.06787454176351633,-0.06787454176351633,-18747674.0,0.11802975558314932,0.11802975558314932,-6531053.0,0.0530161394917604,0.0530161394917604,-4379775.0,-0.0862714461989761,-0.0862714461989761,-20166227.0,0.028187502216743897,0.028187502216743897,-13217002.0,-0.12280660625880815,-0.12280660625880815,-16454067.0
unknown,Ricky Simon,Mario Bautista,,,32,31,1,1992,1993,11,9,1081.4792975087255,1076.3719826650358,1,0,0,5,0,0,11515.489592610586,9090.036393815024,8,7,3,2,,,0.047844229849950376,0.004725029531434572,0.047844229849950376,0.004725029531434572,2.9808992488215775,4.393830559295772,2.9808992488215775,4.393830559295772,4.466039659757397,5.636415795406554,4.466039659757397,5.636415795406554,0.30111174423992615,0.4046336847021022,0.30111174423992615,0.4046336847021022,0.04266561541467396,0.24381690156126246,0.04266561541467396,0.24381690156126246,0.00013175230566534913,0.0058479532163742695,0.00013175230566534913,0.0058479532163742695,0.38340243491600184,0.46236395064096475,0.38340243491600184,0.46236395064096475,1.9886845798367192,2.4353636152721183,1.9886845798367192,2.4353636152721183,0.40579082912353664,1.124468963081184,0.40579082912353664,1.124468963081184,0.5864238398613214,0.833997980942469,0.5864238398613214,0.833997980942469,2.193084530774173,2.827554090086677,2.193084530774173,2.827554090086677,0.2512948727258895,0.7643045348065823,0.2512948727258895,0.7643045348065823,0.5365198453215151,0.801971934402512,0.5365198453215151,0.801971934402512,0.06794996980911928,0.11347946286399699,0.06794996980911928,0.11347946286399699,7204.0,1193.0,0.07547875288578772,0.12323290888364444,0.07547875288578772,0.12323290888364444,5464.0,729.0,0.037988902547596744,0.1463677312181036,0.037988902547596744,0.1463677312181036,28080.0,2132.0,0.056149698981567804,0.09118364044467941,0.056149698981567804,0.09118364044467941,11790.0,3593.0,0.0782546528078742,0.1809144253492838,0.0782546528078742,0.1809144253492838,698.0,1411.0,0.09776182390844589,0.1154707195000746,0.09776182390844589,0.1154707195000746,2219.0,25.0,0.06054233300078239,0.05359204682139028,0.06054233300078239,0.05359204682139028,8064.0,1579.0,0.04337352264432032,0.0956868388964046,0.04337352264432032,0.0956868388964046,1555.0,2647.0,0.06496637650605522,0.16845929168731186,0.06496637650605522,0.16845929168731186,16086.0,3781.0,-1.0,2.0,5.1073148436896645,1.0,-5.0,0.0,2425.4531987955615,1.0,1.0,,0.04311920031851581,0.04311920031851581,-1.4129313104741943,-1.4129313104741943,-1.1703761356491578,-1.1703761356491578,-0.10352194046217605,-0.10352194046217605,-0.2011512861465885,-0.2011512861465885,-0.00571620091070892,-0.00571620091070892,-0.0789615157249629,-0.0789615157249629,-0.4466790354353991,-0.4466790354353991,-0.7186781339576473,-0.7186781339576473,-0.24757414108114761,-0.24757414108114761,-0.634469559312504,-0.634469559312504,-0.5130096620806928,-0.5130096620806928,-0.26545208908099693,-0.26545208908099693,-0.045529493054877704,-0.045529493054877704,6011.0,-0.04775415599785672,-0.04775415599785672,4735.0,-0.10837882867050685,-0.10837882867050685,25948.0,-0.03503394146311161,-0.03503394146311161,8197.0,-0.10265977254140958,-0.10265977254140958,-713.0,-0.01770889559162872,-0.01770889559162872,2194.0,0.006950286179392112,0.006950286179392112,6485.0,-0.05231331625208428,-0.05231331625208428,-1092.0,-0.10349291518125664,-0.10349291518125664,12305.0
unknown,Mario Bautista,Ricky Simon,,,31,32,-1,1993,1992,9,11,1076.3719826650358,1081.4792975087255,0,1,5,0,0,0,9090.036393815024,11515.489592610586,7,8,2,3,,,0.004725029531434572,0.047844229849950376,0.004725029531434572,0.047844229849950376,4.393830559295772,2.9808992488215775,4.393830559295772,2.9808992488215775,5.636415795406554,4.466039659757397,5.636415795406554,4.466039659757397,0.4046336847021022,0.30111174423992615,0.4046336847021022,0.30111174423992615,0.24381690156126246,0.04266561541467396,0.24381690156126246,0.04266561541467396,0.0058479532163742695,0.00013175230566534913,0.0058479532163742695,0.00013175230566534913,0.46236395064096475,0.38340243491600184,0.46236395064096475,0.38340243491600184,2.4353636152721183,1.9886845798367192,2.4353636152721183,1.9886845798367192,1.124468963081184,0.40579082912353664,1.124468963081184,0.40579082912353664,0.833997980942469,0.5864238398613214,0.833997980942469,0.5864238398613214,2.827554090086677,2.193084530774173,2.827554090086677,2.193084530774173,0.7643045348065823,0.2512948727258895,0.7643045348065823,0.2512948727258895,0.801971934402512,0.5365198453215151,0.801971934402512,0.5365198453215151,0.11347946286399699,0.06794996980911928,0.11347946286399699,0.06794996980911928,1193.0,7204.0,0.12323290888364444,0.07547875288578772,0.12323290888364444,0.07547875288578772,729.0,5464.0,0.1463677312181036,0.037988902547596744,0.1463677312181036,0.037988902547596744,2132.0,28080.0,0.09118364044467941,0.056149698981567804,0.09118364044467941,0.056149698981567804,3593.0,11790.0,0.1809144253492838,0.0782546528078742,0.1809144253492838,0.0782546528078742,1411.0,698.0,0.1154707195000746,0.09776182390844589,0.1154707195000746,0.09776182390844589,25.0,2219.0,0.05359204682139028,0.06054233300078239,0.05359204682139028,0.06054233300078239,1579.0,8064.0,0.0956868388964046,0.04337352264432032,0.0956868388964046,0.04337352264432032,2647.0,1555.0,0.16845929168731186,0.06496637650605522,0.16845929168731186,0.06496637650605522,3781.0,16086.0,1.0,-2.0,-5.1073148436896645,-1.0,5.0,0.0,-2425.4531987955615,-1.0,-1.0,,-0.04311920031851581,-0.04311920031851581,1.4129313104741943,1.4129313104741943,1.1703761356491578,1.1703761356491578,0.10352194046217605,0.10352194046217605,0.2011512861465885,0.2011512861465885,0.00571620091070892,0.00571620091070892,0.0789615157249629,0.0789615157249629,0.4466790354353991,0.4466790354353991,0.7186781339576473,0.7186781339576473,0.24757414108114761,0.24757414108114761,0.634469559312504,0.634469559312504,0.5130096620806928,0.5130096620806928,0.26545208908099693,0.26545208908099693,0.045529493054877704,0.045529493054877704,-6011.0,0.04775415599785672,0.04775415599785672,-4735.0,0.10837882867050685,0.10837882867050685,-25948.0,0.03503394146311161,0.03503394146311161,-8197.0,0.10265977254140958,0.10265977254140958,713.0,0.01770889559162872,0.01770889559162872,-2194.0,-0.006950286179392112,-0.006950286179392112,-6485.0,0.05231331625208428,0.05231331625208428,1092.0,0.10349291518125664,0.10349291518125664,-12305.0
unknown,Phil Hawes,Brunno Ferreira,,,35,32,3,1989,1992,7,2,1009.9279230309357,1001.3413602814325,2,1,0,0,0,0,7061.08811643528,2047.5837091787896,4,1,3,1,,,0.04277286135693215,0.04743083003952569,0.04277286135693215,0.04743083003952569,7.406727365390239,2.9136081309994353,7.406727365390239,2.9136081309994353,8.355298119093558,2.961038961038961,8.355298119093558,2.961038961038961,0.09711594798917542,0.0,0.09711594798917542,0.0,0.004285714285714286,0.0,0.004285714285714286,0.0,0.0,0.0,0.0,0.0,0.1077557427349516,0.0007905138339920949,0.1077557427349516,0.0007905138339920949,3.8211358976855885,0.7114624505928854,3.8211358976855885,0.7114624505928854,2.74470953163508,0.09486166007905138,2.74470953163508,0.09486166007905138,0.8408819360695714,2.1072840203274987,0.8408819360695714,2.1072840203274987,6.601140496258576,2.8187464709203836,6.601140496258576,2.8187464709203836,0.4073272821110148,0.04743083003952569,0.4073272821110148,0.04743083003952569,0.3982595870206489,0.04743083003952569,0.3982595870206489,0.04743083003952569,0.16982109939478152,0.39721437982307545,0.16982109939478152,0.39721437982307545,430.0,0.0,0.17425588738845021,0.3977413890457368,0.17425588738845021,0.3977413890457368,355.0,0.0,0.07151453928410047,0.0,0.07151453928410047,0.0,2870.0,0.0,0.10729298709929101,0.019228714880888793,0.10729298709929101,0.019228714880888793,556.0,1.0,0.22345398580216136,0.03162055335968379,0.22345398580216136,0.03162055335968379,106.0,5.0,0.24294736212223914,0.5149632975719932,0.24294736212223914,0.5149632975719932,0.0,0.0,0.1671720440268041,0.3960868252071487,0.1671720440268041,0.3960868252071487,471.0,1.0,0.030294407319155725,0.04743083003952569,0.030294407319155725,0.04743083003952569,312.0,5.0,0.04325677024419456,0.04743083003952569,0.04325677024419456,0.04743083003952569,650.0,1.0,-3.0,5.0,8.586562749503287,1.0,0.0,0.0,5013.504407256491,3.0,2.0,,-0.004657968682593536,-0.004657968682593536,4.493119234390804,4.493119234390804,5.394259158054597,5.394259158054597,0.09711594798917542,0.09711594798917542,0.004285714285714286,0.004285714285714286,0.0,0.0,0.10696522890095951,0.10696522890095951,3.109673447092703,3.109673447092703,2.6498478715560285,2.6498478715560285,-1.2664020842579273,-1.2664020842579273,3.782394025338192,3.782394025338192,0.3598964520714891,0.3598964520714891,0.3508287569811232,0.3508287569811232,-0.22739328042829393,-0.22739328042829393,430.0,-0.2234855016572866,-0.2234855016572866,355.0,0.07151453928410047,0.07151453928410047,2870.0,0.08806427221840221,0.08806427221840221,555.0,0.19183343244247758,0.19183343244247758,101.0,-0.2720159354497541,-0.2720159354497541,0.0,-0.2289147811803446,-0.2289147811803446,470.0,-0.017136422720369963,-0.017136422720369963,307.0,-0.004174059795331128,-0.004174059795331128,649.0
unknown,Brunno Ferreira,Phil Hawes,,,32,35,-3,1992,1989,2,7,1001.3413602814325,1009.9279230309357,1,2,0,0,0,0,2047.5837091787896,7061.08811643528,1,4,1,3,,,0.04743083003952569,0.04277286135693215,0.04743083003952569,0.04277286135693215,2.9136081309994353,7.406727365390239,2.9136081309994353,7.406727365390239,2.961038961038961,8.355298119093558,2.961038961038961,8.355298119093558,0.0,0.09711594798917542,0.0,0.09711594798917542,0.0,0.004285714285714286,0.0,0.004285714285714286,0.0,0.0,0.0,0.0,0.0007905138339920949,0.1077557427349516,0.0007905138339920949,0.1077557427349516,0.7114624505928854,3.8211358976855885,0.7114624505928854,3.8211358976855885,0.09486166007905138,2.74470953163508,0.09486166007905138,2.74470953163508,2.1072840203274987,0.8408819360695714,2.1072840203274987,0.8408819360695714,2.8187464709203836,6.601140496258576,2.8187464709203836,6.601140496258576,0.04743083003952569,0.4073272821110148,0.04743083003952569,0.4073272821110148,0.04743083003952569,0.3982595870206489,0.04743083003952569,0.3982595870206489,0.39721437982307545,0.16982109939478152,0.39721437982307545,0.16982109939478152,0.0,430.0,0.3977413890457368,0.17425588738845021,0.3977413890457368,0.17425588738845021,0.0,355.0,0.0,0.07151453928410047,0.0,0.07151453928410047,0.0,2870.0,0.019228714880888793,0.10729298709929101,0.019228714880888793,0.10729298709929101,1.0,556.0,0.03162055335968379,0.22345398580216136,0.03162055335968379,0.22345398580216136,5.0,106.0,0.5149632975719932,0.24294736212223914,0.5149632975719932,0.24294736212223914,0.0,0.0,0.3960868252071487,0.1671720440268041,0.3960868252071487,0.1671720440268041,1.0,471.0,0.04743083003952569,0.030294407319155725,0.04743083003952569,0.030294407319155725,5.0,312.0,0.04743083003952569,0.04325677024419456,0.04743083003952569,0.04325677024419456,1.0,650.0,3.0,-5.0,-8.586562749503287,-1.0,0.0,0.0,-5013.504407256491,-3.0,-2.0,,0.004657968682593536,0.004657968682593536,-4.493119234390804,-4.493119234390804,-5.394259158054597,-5.394259158054597,-0.09711594798917542,-0.09711594798917542,-0.004285714285714286,-0.004285714285714286,0.0,0.0,-0.10696522890095951,-0.10696522890095951,-3.109673447092703,-3.109673447092703,-2.6498478715560285,-2.6498478715560285,1.2664020842579273,1.2664020842579273,-3.782394025338192,-3.782394025338192,-0.3598964520714891,-0.3598964520714891,-0.3508287569811232,-0.3508287569811232,0.22739328042829393,0.22739328042829393,-430.0,0.2234855016572866,0.2234855016572866,-355.0,-0.07151453928410047,-0.07151453928410047,-2870.0,-0.08806427221840221,-0.08806427221840221,-555.0,-0.19183343244247758,-0.19183343244247758,-101.0,0.2720159354497541,0.2720159354497541,0.0,0.2289147811803446,0.2289147811803446,-470.0,0.017136422720369963,0.017136422720369963,-307.0,0.004174059795331128,0.004174059795331128,-649.0
unknown,Andrei Arlovski,Waldo Cortes-Acosta,,,45,33,12,1979,1991,40,4,1051.8503485287774,1024.967342354828,2,0,0,1,3,0,41077.734845939725,3895.6979838512384,23,3,16,1,,,0.028248676213530124,0.17679558011049723,0.028248676213530124,0.17679558011049723,4.271559590947573,5.760822590546349,4.271559590947573,5.760822590546349,4.837044418380793,6.075395948434622,4.837044418380793,6.075395948434622,0.014467071063730559,0.0,0.014467071063730559,0.0,0.00775049202656883,0.0,0.00775049202656883,0.0,0.001881963264077085,0.0,0.001881963264077085,0.0,0.04182096741452377,0.01337037037037037,0.04182096741452377,0.01337037037037037,2.3068843793455094,3.8644935543278085,2.3068843793455094,3.8644935543278085,0.8497257778721801,1.0992756292203805,0.8497257778721801,1.0992756292203805,1.114949433729884,0.7970534069981584,1.114949433729884,0.7970534069981584,3.8443736457967987,5.125991405770411,3.8443736457967987,5.125991405770411,0.35348894622999744,0.6348311847759363,0.35348894622999744,0.6348311847759363,0.07369699892077723,0.0,0.07369699892077723,0.0,0.11203878983744986,0.07559215610377631,0.11203878983744986,0.07559215610377631,8845555.0,10.0,0.11877242202159091,0.07849950053367305,0.11877242202159091,0.07849950053367305,6477159.0,9.0,0.004075775490895891,0.0,0.004075775490895891,0.0,31937657.0,92.0,0.07425581748465018,0.058750405447253295,0.07425581748465018,0.058750405447253295,14252257.0,62.0,0.05588055030574652,0.1295795219793418,0.05588055030574652,0.1295795219793418,3401661.0,0.0,0.21629426926940862,0.16114887363506147,0.21629426926940862,0.16114887363506147,656050.0,0.0,0.10959885969777619,0.06702584983532342,0.10959885969777619,0.06702584983532342,10965702.0,10.0,0.05852666154294487,0.20314478645970357,0.05852666154294487,0.20314478645970357,6287631.0,59.0,0.022560746237105113,0.0,0.022560746237105113,0.0,22545316.0,107.0,-12.0,36.0,26.883006173949525,2.0,-1.0,3.0,37182.036862088484,20.0,15.0,,-0.14854690389696712,-0.14854690389696712,-1.4892629995987754,-1.4892629995987754,-1.238351530053829,-1.238351530053829,0.014467071063730559,0.014467071063730559,0.00775049202656883,0.00775049202656883,0.001881963264077085,0.001881963264077085,0.0284505970441534,0.0284505970441534,-1.5576091749822991,-1.5576091749822991,-0.2495498513482004,-0.2495498513482004,0.31789602673172557,0.31789602673172557,-1.2816177599736123,-1.2816177599736123,-0.2813422385459388,-0.2813422385459388,0.07369699892077723,0.07369699892077723,0.036446633733673545,0.036446633733673545,8845545.0,0.04027292148791786,0.04027292148791786,6477150.0,0.004075775490895891,0.004075775490895891,31937565.0,0.015505412037396887,0.015505412037396887,14252195.0,-0.07369897167359529,-0.07369897167359529,3401661.0,0.055145395634347144,0.055145395634347144,656050.0,0.04257300986245277,0.04257300986245277,10965692.0,-0.1446181249167587,-0.1446181249167587,6287572.0,0.022560746237105113,0.022560746237105113,22545209.0
unknown,Waldo Cortes-Acosta,Andrei Arlovski,,,33,45,-12,1991,1979,4,40,1024.967342354828,1051.8503485287774,0,2,1,0,0,3,3895.6979838512384,41077.734845939725,3,23,1,16,,,0.17679558011049723,0.028248676213530124,0.17679558011049723,0.028248676213530124,5.760822590546349,4.271559590947573,5.760822590546349,4.271559590947573,6.075395948434622,4.837044418380793,6.075395948434622,4.837044418380793,0.0,0.014467071063730559,0.0,0.014467071063730559,0.0,0.00775049202656883,0.0,0.00775049202656883,0.0,0.001881963264077085,0.0,0.001881963264077085,0.01337037037037037,0.04182096741452377,0.01337037037037037,0.04182096741452377,3.8644935543278085,2.3068843793455094,3.8644935543278085,2.3068843793455094,1.0992756292203805,0.8497257778721801,1.0992756292203805,0.8497257778721801,0.7970534069981584,1.114949433729884,0.7970534069981584,1.114949433729884,5.125991405770411,3.8443736457967987,5.125991405770411,3.8443736457967987,0.6348311847759363,0.35348894622999744,0.6348311847759363,0.35348894622999744,0.0,0.07369699892077723,0.0,0.07369699892077723,0.07559215610377631,0.11203878983744986,0.07559215610377631,0.11203878983744986,10.0,8845555.0,0.07849950053367305,0.11877242202159091,0.07849950053367305,0.11877242202159091,9.0,6477159.0,0.0,0.004075775490895891,0.0,0.004075775490895891,92.0,31937657.0,0.058750405447253295,0.07425581748465018,0.058750405447253295,0.07425581748465018,62.0,14252257.0,0.1295795219793418,0.05588055030574652,0.1295795219793418,0.05588055030574652,0.0,3401661.0,0.16114887363506147,0.21629426926940862,0.16114887363506147,0.21629426926940862,0.0,656050.0,0.06702584983532342,0.10959885969777619,0.06702584983532342,0.10959885969777619,10.0,10965702.0,0.20314478645970357,0.05852666154294487,0.20314478645970357,0.05852666154294487,59.0,6287631.0,0.0,0.022560746237105113,0.0,0.022560746237105113,107.0,22545316.0,12.0,-36.0,-26.883006173949525,-2.0,1.0,-3.0,-37182.036862088484,-20.0,-15.0,,0.14854690389696712,0.14854690389696712,1.4892629995987754,1.4892629995987754,1.238351530053829,1.238351530053829,-0.014467071063730559,-0.014467071063730559,-0.00775049202656883,-0.00775049202656883,-0.001881963264077085,-0.001881963264077085,-0.0284505970441534,-0.0284505970441534,1.5576091749822991,1.5576091749822991,0.2495498513482004,0.2495498513482004,-0.31789602673172557,-0.31789602673172557,1.2816177599736123,1.2816177599736123,0.2813422385459388,0.2813422385459388,-0.07369699892077723,-0.07369699892077723,-0.036446633733673545,-0.036446633733673545,-8845545.0,-0.04027292148791786,-0.04027292148791786,-6477150.0,-0.004075775490895891,-0.004075775490895891,-31937565.0,-0.015505412037396887,-0.015505412037396887,-14252195.0,0.07369897167359529,0.07369897167359529,-3401661.0,-0.055145395634347144,-0.055145395634347144,-656050.0,-0.04257300986245277,-0.04257300986245277,-10965692.0,0.1446181249167587,0.1446181249167587,-6287572.0,-0.022560746237105113,-0.022560746237105113,-22545209.0
unknown,Matthew Semelsberger,Preston Parsons,,,32,29,3,1992,1995,9,3,1015.8364949034943,987.9642154777823,2,1,0,0,0,0,9244.707039418587,3075.213818566732,5,1,4,2,,,0.37273182957393486,0.0,0.37273182957393486,0.0,3.8391311612364247,3.6628067967275015,3.8391311612364247,3.6628067967275015,4.441570593149541,5.415019928676316,4.441570593149541,5.415019928676316,0.04912280701754386,0.20476190476190476,0.04912280701754386,0.20476190476190476,0.00023391812865497077,0.22380952380952382,0.00023391812865497077,0.22380952380952382,0.0,0.06190476190476191,0.0,0.06190476190476191,0.15569702032859925,0.37900566393958457,0.15569702032859925,0.37900566393958457,2.4613533834586465,2.435745752045311,2.4613533834586465,2.435745752045311,0.764778613199666,0.5040906230333543,0.764778613199666,0.5040906230333543,0.6129991645781119,0.7229704216488358,0.6129991645781119,0.7229704216488358,2.7630409356725147,2.5199496538703587,2.7630409356725147,2.5199496538703587,0.2896574770258981,0.4333333333333333,0.2896574770258981,0.4333333333333333,0.7864327485380117,0.7095238095238096,0.7864327485380117,0.7095238095238096,0.19527690840826395,0.04180096739573112,0.19527690840826395,0.04180096739573112,1605.0,7.0,0.19825136101889757,0.045142394316403135,0.19825136101889757,0.045142394316403135,1044.0,6.0,0.021380116959064326,0.024386724386724384,0.021380116959064326,0.024386724386724384,978.0,45.0,0.16361127780702237,0.03352573674601445,0.16361127780702237,0.03352573674601445,2079.0,9.0,0.2633043218288942,0.0735453973339436,0.2633043218288942,0.0735453973339436,511.0,1.0,0.0901539818206485,0.07806347208486919,0.0901539818206485,0.07806347208486919,825.0,17.0,0.19163380171799518,0.03828287413301769,0.19163380171799518,0.03828287413301769,2069.0,10.0,0.04680673906989697,0.04212121212121212,0.04680673906989697,0.04212121212121212,812.0,0.0,0.27972292800967935,0.058361018826135105,0.27972292800967935,0.058361018826135105,757.0,4.0,-3.0,6.0,27.87227942571201,1.0,0.0,0.0,6169.493220851855,4.0,2.0,,0.37273182957393486,0.37273182957393486,0.1763243645089232,0.1763243645089232,-0.9734493355267757,-0.9734493355267757,-0.1556390977443609,-0.1556390977443609,-0.22357560568086884,-0.22357560568086884,-0.06190476190476191,-0.06190476190476191,-0.22330864361098532,-0.22330864361098532,0.02560763141333533,0.02560763141333533,0.2606879901663117,0.2606879901663117,-0.10997125707072397,-0.10997125707072397,0.243091281802156,0.243091281802156,-0.14367585630743518,-0.14367585630743518,0.07690893901420215,0.07690893901420215,0.1534759410125328,0.1534759410125328,1598.0,0.15310896670249444,0.15310896670249444,1038.0,-0.003006607427660058,-0.003006607427660058,933.0,0.13008554106100792,0.13008554106100792,2070.0,0.18975892449495058,0.18975892449495058,510.0,0.012090509735779312,0.012090509735779312,808.0,0.15335092758497748,0.15335092758497748,2059.0,0.004685526948684848,0.004685526948684848,812.0,0.22136190918354426,0.22136190918354426,753.0
unknown,Preston Parsons,Matthew Semelsberger,,,29,32,-3,1995,1992,3,9,987.9642154777823,1015.8364949034943,1,2,0,0,0,0,3075.213818566732,9244.707039418587,1,5,2,4,,,0.0,0.37273182957393486,0.0,0.37273182957393486,3.6628067967275015,3.8391311612364247,3.6628067967275015,3.8391311612364247,5.415019928676316,4.441570593149541,5.415019928676316,4.441570593149541,0.20476190476190476,0.04912280701754386,0.20476190476190476,0.04912280701754386,0.22380952380952382,0.00023391812865497077,0.22380952380952382,0.00023391812865497077,0.06190476190476191,0.0,0.06190476190476191,0.0,0.37900566393958457,0.15569702032859925,0.37900566393958457,0.15569702032859925,2.435745752045311,2.4613533834586465,2.435745752045311,2.4613533834586465,0.5040906230333543,0.764778613199666,0.5040906230333543,0.764778613199666,0.7229704216488358,0.6129991645781119,0.7229704216488358,0.6129991645781119,2.5199496538703587,2.7630409356725147,2.5199496538703587,2.7630409356725147,0.4333333333333333,0.2896574770258981,0.4333333333333333,0.2896574770258981,0.7095238095238096,0.7864327485380117,0.7095238095238096,0.7864327485380117,0.04180096739573112,0.19527690840826395,0.04180096739573112,0.19527690840826395,7.0,1605.0,0.045142394316403135,0.19825136101889757,0.045142394316403135,0.19825136101889757,6.0,1044.0,0.024386724386724384,0.021380116959064326,0.024386724386724384,0.021380116959064326,45.0,978.0,0.03352573674601445,0.16361127780702237,0.03352573674601445,0.16361127780702237,9.0,2079.0,0.0735453973339436,0.2633043218288942,0.0735453973339436,0.2633043218288942,1.0,511.0,0.07806347208486919,0.0901539818206485,0.07806347208486919,0.0901539818206485,17.0,825.0,0.03828287413301769,0.19163380171799518,0.03828287413301769,0.19163380171799518,10.0,2069.0,0.04212121212121212,0.04680673906989697,0.04212121212121212,0.04680673906989697,0.0,812.0,0.058361018826135105,0.27972292800967935,0.058361018826135105,0.27972292800967935,4.0,757.0,3.0,-6.0,-27.87227942571201,-1.0,0.0,0.0,-6169.493220851855,-4.0,-2.0,,-0.37273182957393486,-0.37273182957393486,-0.1763243645089232,-0.1763243645089232,0.9734493355267757,0.9734493355267757,0.1556390977443609,0.1556390977443609,0.22357560568086884,0.22357560568086884,0.06190476190476191,0.06190476190476191,0.22330864361098532,0.22330864361098532,-0.02560763141333533,-0.02560763141333533,-0.2606879901663117,-0.2606879901663117,0.10997125707072397,0.10997125707072397,-0.243091281802156,-0.243091281802156,0.14367585630743518,0.14367585630743518,-0.07690893901420215,-0.07690893901420215,-0.1534759410125328,-0.1534759410125328,-1598.0,-0.15310896670249444,-0.15310896670249444,-1038.0,0.003006607427660058,0.003006607427660058,-933.0,-0.13008554106100792,-0.13008554106100792,-2070.0,-0.18975892449495058,-0.18975892449495058,-510.0,-0.012090509735779312,-0.012090509735779312,-808.0,-0.15335092758497748,-0.15335092758497748,-2059.0,-0.004685526948684848,-0.004685526948684848,-812.0,-0.22136190918354426,-0.22136190918354426,-753.0
unknown,Farid Basharat,Taylor Lapilus,,,27,32,-5,1997,1992,2,5,1031.248832628488,1045.0272677033183,0,0,2,2,0,0,1999.6618508191941,5028.059006148062,2,4,0,1,,,0.0,0.022213848327837966,0.0,0.022213848327837966,1.5262745098039214,4.432871722405402,1.5262745098039214,4.432871722405402,5.71921568627451,5.389329565080861,5.71921568627451,5.389329565080861,0.41647058823529415,0.0024242424242424242,0.41647058823529415,0.0024242424242424242,0.18823529411764706,0.012121212121212121,0.18823529411764706,0.012121212121212121,0.0,0.0012121212121212121,0.0,0.0012121212121212121,0.6846535947712418,0.13502423195687444,0.6846535947712418,0.13502423195687444,0.8564705882352941,3.194950541686293,0.8564705882352941,3.194950541686293,0.5631372549019608,0.9098571204270687,0.5631372549019608,0.9098571204270687,0.10666666666666666,0.3280640602920396,0.10666666666666666,0.3280640602920396,0.5599999999999999,3.4063809075208042,0.5599999999999999,3.4063809075208042,0.24156862745098037,0.8435107552205997,0.24156862745098037,0.8435107552205997,0.7247058823529413,0.18298005966399747,0.7247058823529413,0.18298005966399747,0.1335457516339869,0.033301007137863006,0.1335457516339869,0.033301007137863006,0.0,149.0,0.13953054845126456,0.03710304278117214,0.13953054845126456,0.03710304278117214,0.0,100.0,0.08196078431372548,0.000808080808080808,0.08196078431372548,0.000808080808080808,8.0,230.0,0.1323473389355742,0.02861106834582508,0.1323473389355742,0.02861106834582508,0.0,241.0,0.1992156862745098,0.0582276204606801,0.1992156862745098,0.0582276204606801,0.0,50.0,0.011851851851851851,0.0675471816611713,0.011851851851851851,0.0675471816611713,0.0,33.0,0.007088607594936708,0.028510301836133668,0.007088607594936708,0.028510301836133668,0.0,172.0,0.1989019607843137,0.05438712395079998,0.1989019607843137,0.05438712395079998,0.0,26.0,0.15450980392156863,0.05381315748155126,0.15450980392156863,0.05381315748155126,0.0,37.0,5.0,-3.0,-13.77843507483044,0.0,0.0,0.0,-3028.3971553288675,-2.0,-1.0,,-0.022213848327837966,-0.022213848327837966,-2.90659721260148,-2.90659721260148,0.329886121193649,0.329886121193649,0.4140463458110517,0.4140463458110517,0.17611408199643494,0.17611408199643494,-0.0012121212121212121,-0.0012121212121212121,0.5496293628143674,0.5496293628143674,-2.338479953450999,-2.338479953450999,-0.3467198655251079,-0.3467198655251079,-0.22139739362537295,-0.22139739362537295,-2.846380907520804,-2.846380907520804,-0.6019421277696193,-0.6019421277696193,0.5417258226889439,0.5417258226889439,0.1002447444961239,0.1002447444961239,-149.0,0.10242750567009243,0.10242750567009243,-100.0,0.08115270350564467,0.08115270350564467,-222.0,0.10373627058974913,0.10373627058974913,-241.0,0.14098806581382972,0.14098806581382972,-50.0,-0.05569532980931945,-0.05569532980931945,-33.0,-0.02142169424119696,-0.02142169424119696,-172.0,0.14451483683351374,0.14451483683351374,-26.0,0.10069664644001737,0.10069664644001737,-37.0
unknown,Taylor Lapilus,Farid Basharat,,,32,27,5,1992,1997,5,2,1045.0272677033183,1031.248832628488,0,0,2,2,0,0,5028.059006148062,1999.6618508191941,4,2,1,0,,,0.022213848327837966,0.0,0.022213848327837966,0.0,4.432871722405402,1.5262745098039214,4.432871722405402,1.5262745098039214,5.389329565080861,5.71921568627451,5.389329565080861,5.71921568627451,0.0024242424242424242,0.41647058823529415,0.0024242424242424242,0.41647058823529415,0.012121212121212121,0.18823529411764706,0.012121212121212121,0.18823529411764706,0.0012121212121212121,0.0,0.0012121212121212121,0.0,0.13502423195687444,0.6846535947712418,0.13502423195687444,0.6846535947712418,3.194950541686293,0.8564705882352941,3.194950541686293,0.8564705882352941,0.9098571204270687,0.5631372549019608,0.9098571204270687,0.5631372549019608,0.3280640602920396,0.10666666666666666,0.3280640602920396,0.10666666666666666,3.4063809075208042,0.5599999999999999,3.4063809075208042,0.5599999999999999,0.8435107552205997,0.24156862745098037,0.8435107552205997,0.24156862745098037,0.18298005966399747,0.7247058823529413,0.18298005966399747,0.7247058823529413,0.033301007137863006,0.1335457516339869,0.033301007137863006,0.1335457516339869,149.0,0.0,0.03710304278117214,0.13953054845126456,0.03710304278117214,0.13953054845126456,100.0,0.0,0.000808080808080808,0.08196078431372548,0.000808080808080808,0.08196078431372548,230.0,8.0,0.02861106834582508,0.1323473389355742,0.02861106834582508,0.1323473389355742,241.0,0.0,0.0582276204606801,0.1992156862745098,0.0582276204606801,0.1992156862745098,50.0,0.0,0.0675471816611713,0.011851851851851851,0.0675471816611713,0.011851851851851851,33.0,0.0,0.028510301836133668,0.007088607594936708,0.028510301836133668,0.007088607594936708,172.0,0.0,0.05438712395079998,0.1989019607843137,0.05438712395079998,0.1989019607843137,26.0,0.0,0.05381315748155126,0.15450980392156863,0.05381315748155126,0.15450980392156863,37.0,0.0,-5.0,3.0,13.77843507483044,0.0,0.0,0.0,3028.3971553288675,2.0,1.0,,0.022213848327837966,0.022213848327837966,2.90659721260148,2.90659721260148,-0.329886121193649,-0.329886121193649,-0.4140463458110517,-0.4140463458110517,-0.17611408199643494,-0.17611408199643494,0.0012121212121212121,0.0012121212121212121,-0.5496293628143674,-0.5496293628143674,2.338479953450999,2.338479953450999,0.3467198655251079,0.3467198655251079,0.22139739362537295,0.22139739362537295,2.846380907520804,2.846380907520804,0.6019421277696193,0.6019421277696193,-0.5417258226889439,-0.5417258226889439,-0.1002447444961239,-0.1002447444961239,149.0,-0.10242750567009243,-0.10242750567009243,100.0,-0.08115270350564467,-0.08115270350564467,222.0,-0.10373627058974913,-0.10373627058974913,241.0,-0.14098806581382972,-0.14098806581382972,50.0,0.05569532980931945,0.05569532980931945,33.0,0.02142169424119696,0.02142169424119696,172.0,-0.14451483683351374,-0.14451483683351374,26.0,-0.10069664644001737,-0.10069664644001737,37.0
