Result,Red Fighter,Blue Fighter,Title,Date,Red age,Blue age,age oppdiff,Red last_fight,Blue last_fight,last_fight oppdiff,Red dob,Blue dob,Red totalfights,Blue totalfights,Red elo,Blue elo,Red losestreak,Blue losestreak,Red winstreak,Blue winstreak,Red titlewins,Blue titlewins,Red oppelo,Blue oppelo,Red wins,Blue wins,Red avg age,Blue avg age,Red KD,Blue KD,Red KD differential,Blue KD differential,Red Sig. str.,Blue Sig. str.,Red Sig. str. differential,Blue Sig. str. differential,Red Total str.,Blue Total str.,Red Total str. differential,Blue Total str. differential,Red Td,Blue Td,Red Td differential,Blue Td differential,Red Sub. att,Blue Sub. att,Red Sub. att differential,Blue Sub. att differential,Red Rev.,Blue Rev.,Red Rev. differential,Blue Rev. differential,Red Ctrl,Blue Ctrl,Red Ctrl differential,Blue Ctrl differential,Red Head,Blue Head,Red Head differential,Blue Head differential,Red Body,Blue Body,Red Body differential,Blue Body differential,Red Leg,Blue Leg,Red Leg differential,Blue Leg differential,Red Distance,Blue Distance,Red Distance differential,Blue Distance differential,Red Clinch,Blue Clinch,Red Clinch differential,Blue Clinch differential,Red Ground,Blue Ground,Red Ground differential,Blue Ground differential,Red Sig. str.%,Blue Sig. str.%,Red Sig. str.% differential,Blue Sig. str.% differential,Red Sig. str.% defense,Blue Sig. str.% defense,Red Total str.%,Blue Total str.%,Red Total str.% differential,Blue Total str.% differential,Red Total str.% defense,Blue Total str.% defense,Red Td%,Blue Td%,Red Td% differential,Blue Td% differential,Red Td% defense,Blue Td% defense,Red Head%,Blue Head%,Red Head% differential,Blue Head% differential,Red Head% defense,Blue Head% defense,Red Body%,Blue Body%,Red Body% differential,Blue Body% differential,Red Body% defense,Blue Body% defense,Red Leg%,Blue Leg%,Red Leg% differential,Blue Leg% differential,Red Leg% defense,Blue Leg% defense,Red Distance%,Blue Distance%,Red Distance% differential,Blue Distance% differential,Red Distance% defense,Blue Distance% defense,Red Clinch%,Blue Clinch%,Red Clinch% differential,Blue Clinch% differential,Red Clinch% defense,Blue Clinch% defense,Red Ground%,Blue Ground%,Red Ground% differential,Blue Ground% differential,Red Ground% defense,Blue Ground% defense,dob oppdiff,totalfights oppdiff,elo oppdiff,losestreak oppdiff,winstreak oppdiff,titlewins oppdiff,oppelo oppdiff,wins oppdiff,avg age oppdiff,KD oppdiff,KD differential oppdiff,Sig. str. oppdiff,Sig. str. differential oppdiff,Total str. oppdiff,Total str. differential oppdiff,Td oppdiff,Td differential oppdiff,Sub. att oppdiff,Sub. att differential oppdiff,Rev. oppdiff,Rev. differential oppdiff,Ctrl oppdiff,Ctrl differential oppdiff,Head oppdiff,Head differential oppdiff,Body oppdiff,Body differential oppdiff,Leg oppdiff,Leg differential oppdiff,Distance oppdiff,Distance differential oppdiff,Clinch oppdiff,Clinch differential oppdiff,Ground oppdiff,Ground differential oppdiff,Sig. str.% oppdiff,Sig. str.% differential oppdiff,Sig. str.% defense oppdiff,Total str.% oppdiff,Total str.% differential oppdiff,Total str.% defense oppdiff,Td% oppdiff,Td% differential oppdiff,Td% defense oppdiff,Head% oppdiff,Head% differential oppdiff,Head% defense oppdiff,Body% oppdiff,Body% differential oppdiff,Body% defense oppdiff,Leg% oppdiff,Leg% differential oppdiff,Leg% defense oppdiff,Distance% oppdiff,Distance% differential oppdiff,Distance% defense oppdiff,Clinch% oppdiff,Clinch% differential oppdiff,Clinch% defense oppdiff,Ground% oppdiff,Ground% differential oppdiff,Ground% defense oppdiff
unknown,Fares Ziam,Axel Sola,,,29,29,0,85,36,49,1997,1997,11,3,1084.0570719011257,1017.0286384787479,1,0,0,1,0,0,1026.2614265835398,987.4970548893058,0.7272727272727273,0.6666666666666666,25.818181818181817,28.666666666666668,0.029537729551789932,0.14175078169850125,0.3241106719367589,0.7142857142857143,2.58119389968772,5.987101742495601,14.729249011857707,8.571428571428571,4.859404602006052,12.061650976960562,28.74901185770751,33.42857142857143,0.18422458952144946,0.0630787495053423,0.9308300395256917,0.2857142857142857,0.07173146042955943,0.1358148893360161,0.5395256916996047,0.6428571428571429,0.06428734518258436,0.0,0.09881422924901186,0.0,0.3827769716820752,0.34084984205014635,1.0316534914361,0.8583333333333334,1.7743953309332734,5.3810305972492385,15.67786561264822,13.142857142857142,0.4313374550749021,0.6060711452463627,-0.8873517786561265,-2.5,0.37546111367954493,0.0,-0.06126482213438735,-2.0714285714285716,1.6712482112983778,1.64722666562626,10.243083003952568,-4.714285714285714,0.3497481316205253,3.5012421714033044,0.8774703557312253,9.428571428571429,0.5601975567688174,0.8386329054660372,3.608695652173913,3.857142857142857,0.056921252585183685,0.11357619670939108,0.18915898510823323,0.2854032950279924,7246.137145871368,13.563139675322248,0.06541936052356899,0.12082854496175326,0.21516720287609908,0.3097226210585345,4603.771139697831,12.941376070742136,0.0357893434625459,0.00964723839674374,0.266512917254024,-0.0739795918367347,16603.470869870966,23.765432098765427,0.03773230100768646,0.11081621173645018,0.22460199214482351,0.49799837117755696,13072.638129788245,31.461109475547875,0.057769014719512964,0.15455312247868136,0.22839554049726923,0.6307634653499316,3041.8582079502194,18.4944245644593,0.07997122722192827,0.0,0.3401489814533293,-0.5595238095238095,2690.4834128535335,5.350365797896661,0.05266531202658929,0.07947600324249578,0.1969982879528173,0.13689254338923426,9885.643871045691,14.333187106960352,0.055809393274177325,0.14767386007112454,0.19523598382294036,0.5936985320443967,3232.9809426854213,23.751000772879156,0.04090050753637198,0.0602618480968916,0.2546877627440287,0.042857142857142864,12753.792816026464,18.456790123456795,0.0,8.0,67.02843342237782,1.0,-1.0,0.0,38.764371694234,0.06060606060606066,-2.8484848484848513,-0.11221305214671132,-0.3901750423489554,-3.405907842807881,6.157820440429136,-7.202246374954511,-4.679559570863919,0.12114584001610716,0.645115753811406,-0.06408342890645667,-0.10333145115753817,0.06428734518258436,0.09881422924901186,0.04192712963192885,0.17332015810276657,-3.606635266315965,2.5350084697910784,-0.17473369017146062,1.6126482213438735,0.37546111367954493,2.0101637492941844,0.024021545672117783,14.957368718238282,-3.1514940397827793,-8.551101072840204,-0.27843534869721975,-0.24844720496894412,-0.05665494412420739,-0.09624430991975916,7232.574006196046,-0.05540918443818427,-0.0945554181824354,4590.829763627089,0.02614210506580216,0.3404925090907587,16579.7054377722,-0.07308391072876372,-0.27339637903273345,13041.177020312698,-0.0967841077591684,-0.4023679248526623,3023.36378338576,0.07997122722192827,0.8996727909771388,2685.133047055637,-0.026810691215906485,0.06010574456358303,9871.310683938731,-0.09186446679694721,-0.3984625482214563,3209.229941912542,-0.01936134056051962,0.21183061988688584,12735.336025903007
unknown,Axel Sola,Fares Ziam,,,29,29,0,36,85,-49,1997,1997,3,11,1017.0286384787479,1084.0570719011257,0,1,1,0,0,0,987.4970548893058,1026.2614265835398,0.6666666666666666,0.7272727272727273,28.666666666666668,25.818181818181817,0.14175078169850125,0.029537729551789932,0.7142857142857143,0.3241106719367589,5.987101742495601,2.58119389968772,8.571428571428571,14.729249011857707,12.061650976960562,4.859404602006052,33.42857142857143,28.74901185770751,0.0630787495053423,0.18422458952144946,0.2857142857142857,0.9308300395256917,0.1358148893360161,0.07173146042955943,0.6428571428571429,0.5395256916996047,0.0,0.06428734518258436,0.0,0.09881422924901186,0.34084984205014635,0.3827769716820752,0.8583333333333334,1.0316534914361,5.3810305972492385,1.7743953309332734,13.142857142857142,15.67786561264822,0.6060711452463627,0.4313374550749021,-2.5,-0.8873517786561265,0.0,0.37546111367954493,-2.0714285714285716,-0.06126482213438735,1.64722666562626,1.6712482112983778,-4.714285714285714,10.243083003952568,3.5012421714033044,0.3497481316205253,9.428571428571429,0.8774703557312253,0.8386329054660372,0.5601975567688174,3.857142857142857,3.608695652173913,0.11357619670939108,0.056921252585183685,0.2854032950279924,0.18915898510823323,13.563139675322248,7246.137145871368,0.12082854496175326,0.06541936052356899,0.3097226210585345,0.21516720287609908,12.941376070742136,4603.771139697831,0.00964723839674374,0.0357893434625459,-0.0739795918367347,0.266512917254024,23.765432098765427,16603.470869870966,0.11081621173645018,0.03773230100768646,0.49799837117755696,0.22460199214482351,31.461109475547875,13072.638129788245,0.15455312247868136,0.057769014719512964,0.6307634653499316,0.22839554049726923,18.4944245644593,3041.8582079502194,0.0,0.07997122722192827,-0.5595238095238095,0.3401489814533293,5.350365797896661,2690.4834128535335,0.07947600324249578,0.05266531202658929,0.13689254338923426,0.1969982879528173,14.333187106960352,9885.643871045691,0.14767386007112454,0.055809393274177325,0.5936985320443967,0.19523598382294036,23.751000772879156,3232.9809426854213,0.0602618480968916,0.04090050753637198,0.042857142857142864,0.2546877627440287,18.456790123456795,12753.792816026464,0.0,-8.0,-67.02843342237782,-1.0,1.0,0.0,-38.764371694234,-0.06060606060606066,2.8484848484848513,0.11221305214671132,0.3901750423489554,3.405907842807881,-6.157820440429136,7.202246374954511,4.679559570863919,-0.12114584001610716,-0.645115753811406,0.06408342890645667,0.10333145115753817,-0.06428734518258436,-0.09881422924901186,-0.04192712963192885,-0.17332015810276657,3.606635266315965,-2.5350084697910784,0.17473369017146062,-1.6126482213438735,-0.37546111367954493,-2.0101637492941844,-0.024021545672117783,-14.957368718238282,3.1514940397827793,8.551101072840204,0.27843534869721975,0.24844720496894412,0.05665494412420739,0.09624430991975916,-7232.574006196046,0.05540918443818427,0.0945554181824354,-4590.829763627089,-0.02614210506580216,-0.3404925090907587,-16579.7054377722,0.07308391072876372,0.27339637903273345,-13041.177020312698,0.0967841077591684,0.4023679248526623,-3023.36378338576,-0.07997122722192827,-0.8996727909771388,-2685.133047055637,0.026810691215906485,-0.06010574456358303,-9871.310683938731,0.09186446679694721,0.3984625482214563,-3209.229941912542,0.01936134056051962,-0.21183061988688584,-12735.336025903007
unknown,Michael Page,Nursulton Ruziboev,,,39,33,6,162,64,98,1987,1993,5,6,1069.8738818988732,1069.5209028884206,0,0,3,3,0,0,1065.9195539921811,1011.3687646866941,0.8,0.8333333333333334,37.8,31.5,0.0,0.07668007668007669,0.0,0.2967032967032967,2.001212121212121,1.7899714336689125,10.618181818181819,1.164835164835165,2.5345454545454547,3.522269176050689,-0.8,-0.7362637362637363,0.0,0.2263422851658146,-0.7636363636363637,0.13186813186813187,0.0,0.0997322005725367,-0.16363636363636364,-0.15384615384615385,0.0,0.04322344322344323,0.0,0.5494505494505495,0.033333333333333326,0.3311364041616143,-3.8930303030303026,0.09285714285714289,1.2412121212121212,1.2161833018975876,11.50909090909091,2.934065934065934,0.4254545454545455,0.472006772847109,0.32727272727272727,1.1758241758241759,0.33454545454545453,0.10178135892421607,-1.2181818181818183,-2.9450549450549453,1.8945454545454545,1.2749901472590548,14.127272727272727,3.6153846153846154,0.09575757575757575,0.21498861498861502,-1.4363636363636363,1.1538461538461537,0.010909090909090908,0.29999267142124286,-2.0727272727272728,-3.6043956043956045,0.03483746369389216,0.07129905386207908,0.219712912585447,0.004107555384219879,181.00938906093714,267.99872091331423,0.03792244637417679,0.11284646887275575,0.13231044734817102,0.030324084490825052,99.61587436552377,111.32948806026896,0.0,0.11745257543576872,-0.11948051948051948,0.33516483516483514,351.4029854227406,650.0,0.02979882216113702,0.0345432393246761,0.27583156126628416,0.09791726785949047,295.71163784105806,768.8936195911216,0.04939393939393939,0.09453756995773802,0.06155844155844158,-0.12844263579557696,21.434977413994172,35.65972928963975,0.052565656565656566,0.05727586441872157,0.12258585858585858,-0.045054945054945054,23.91163065339553,188.1890156249999,0.03426746538124156,0.06899400229081515,0.2661490022048924,0.007316868779404251,224.3807783404673,305.3875853984834,0.029292929292929294,0.042188442188442185,-0.20346320346320346,0.33216783216783213,28.58236151603499,834.2744984567902,0.004444444444444444,0.05606120606120606,-0.2176046176046176,0.09021750935497565,194.97235852992972,384.4805795010311,-6.0,-1.0,0.35297901045260005,0.0,0.0,0.0,54.550789305487,-0.033333333333333326,6.299999999999997,-0.07668007668007669,-0.2967032967032967,0.21124068754320846,9.453346653346655,-0.9877237215052341,-0.06373626373626373,-0.2263422851658146,-0.8955044955044955,-0.0997322005725367,-0.00979020979020978,-0.04322344322344323,-0.5494505494505495,-0.29780307082828095,-3.9858874458874456,0.0250288193145336,8.575024975024975,-0.04655222739256354,-0.8485514485514486,0.23276409562123845,1.726873126873127,0.6195553072863997,10.511888111888112,-0.11923103923103927,-2.59020979020979,-0.28908358051215194,1.5316683316683317,-0.03646159016818692,0.21560535720122712,-86.98933185237709,-0.07492402249857896,0.10198636285734597,-11.713613694745192,-0.11745257543576872,-0.4546453546453546,-298.5970145772594,-0.004744417163539082,0.1779142934067937,-473.1819817500635,-0.04514363056379862,0.19000107735401855,-14.224751875645577,-0.0047102078530650016,0.16764080364080364,-164.2773849716044,-0.034726536909573585,0.25883213342548816,-81.00680705801611,-0.012895512895512891,-0.5356310356310356,-805.6921369407552,-0.05161676161676162,-0.30782212695959327,-189.5082209711014
unknown,Nursulton Ruziboev,Michael Page,,,33,39,-6,64,162,-98,1993,1987,6,5,1069.5209028884206,1069.8738818988732,0,0,3,3,0,0,1011.3687646866941,1065.9195539921811,0.8333333333333334,0.8,31.5,37.8,0.07668007668007669,0.0,0.2967032967032967,0.0,1.7899714336689125,2.001212121212121,1.164835164835165,10.618181818181819,3.522269176050689,2.5345454545454547,-0.7362637362637363,-0.8,0.2263422851658146,0.0,0.13186813186813187,-0.7636363636363637,0.0997322005725367,0.0,-0.15384615384615385,-0.16363636363636364,0.04322344322344323,0.0,0.5494505494505495,0.0,0.3311364041616143,0.033333333333333326,0.09285714285714289,-3.8930303030303026,1.2161833018975876,1.2412121212121212,2.934065934065934,11.50909090909091,0.472006772847109,0.4254545454545455,1.1758241758241759,0.32727272727272727,0.10178135892421607,0.33454545454545453,-2.9450549450549453,-1.2181818181818183,1.2749901472590548,1.8945454545454545,3.6153846153846154,14.127272727272727,0.21498861498861502,0.09575757575757575,1.1538461538461537,-1.4363636363636363,0.29999267142124286,0.010909090909090908,-3.6043956043956045,-2.0727272727272728,0.07129905386207908,0.03483746369389216,0.004107555384219879,0.219712912585447,267.99872091331423,181.00938906093714,0.11284646887275575,0.03792244637417679,0.030324084490825052,0.13231044734817102,111.32948806026896,99.61587436552377,0.11745257543576872,0.0,0.33516483516483514,-0.11948051948051948,650.0,351.4029854227406,0.0345432393246761,0.02979882216113702,0.09791726785949047,0.27583156126628416,768.8936195911216,295.71163784105806,0.09453756995773802,0.04939393939393939,-0.12844263579557696,0.06155844155844158,35.65972928963975,21.434977413994172,0.05727586441872157,0.052565656565656566,-0.045054945054945054,0.12258585858585858,188.1890156249999,23.91163065339553,0.06899400229081515,0.03426746538124156,0.007316868779404251,0.2661490022048924,305.3875853984834,224.3807783404673,0.042188442188442185,0.029292929292929294,0.33216783216783213,-0.20346320346320346,834.2744984567902,28.58236151603499,0.05606120606120606,0.004444444444444444,0.09021750935497565,-0.2176046176046176,384.4805795010311,194.97235852992972,6.0,1.0,-0.35297901045260005,0.0,0.0,0.0,-54.550789305487,0.033333333333333326,-6.299999999999997,0.07668007668007669,0.2967032967032967,-0.21124068754320846,-9.453346653346655,0.9877237215052341,0.06373626373626373,0.2263422851658146,0.8955044955044955,0.0997322005725367,0.00979020979020978,0.04322344322344323,0.5494505494505495,0.29780307082828095,3.9858874458874456,-0.0250288193145336,-8.575024975024975,0.04655222739256354,0.8485514485514486,-0.23276409562123845,-1.726873126873127,-0.6195553072863997,-10.511888111888112,0.11923103923103927,2.59020979020979,0.28908358051215194,-1.5316683316683317,0.03646159016818692,-0.21560535720122712,86.98933185237709,0.07492402249857896,-0.10198636285734597,11.713613694745192,0.11745257543576872,0.4546453546453546,298.5970145772594,0.004744417163539082,-0.1779142934067937,473.1819817500635,0.04514363056379862,-0.19000107735401855,14.224751875645577,0.0047102078530650016,-0.16764080364080364,164.2773849716044,0.034726536909573585,-0.25883213342548816,81.00680705801611,0.012895512895512891,0.5356310356310356,805.6921369407552,0.05161676161676162,0.30782212695959327,189.5082209711014
unknown,Daniil Donchenko,Punahele Soriano,,,25,34,-9,64,190,-126,2001,1992,3,11,1059.1086929205335,1045.3440709634745,0,0,3,4,1,0,1015.28449549503,1006.2285570817435,1.0,0.6363636363636364,24.666666666666668,30.818181818181817,0.23039735592715255,0.32336594466916724,1.6428571428571428,0.1324110671936759,9.463857339266243,7.446483385652655,50.07142857142857,19.64426877470356,10.354928852496768,11.175147253678327,55.142857142857146,64.56521739130434,0.016051364365971106,0.14328966112236913,0.0,0.5197628458498024,0.0,0.013175230566534916,0.0,-0.7055335968379447,0.0,0.013175230566534916,0.0,0.16403162055335968,0.10524051084426565,0.3656927801517615,0.7750000000000001,3.402042160737813,2.8850194038645185,6.497341726263937,4.5,26.701581027667984,3.06728975760408,0.57498616848581,18.0,-4.401185770750988,3.511548177797645,0.37415549090290895,27.571428571428573,-2.656126482213439,7.8876865039857496,2.824211826125608,40.642857142857146,-8.91699604743083,1.206133382096972,0.3921328427191639,5.571428571428571,1.9604743083003953,0.37003745318352055,4.2301387168078834,3.857142857142857,26.600790513833992,0.08575897353047345,0.2754436362015215,0.31475604587997064,-0.017829859640483205,15.650091090743778,1976.451755237317,0.0868202659523056,0.2789578665833195,0.28022555472796656,-0.029034621309725134,13.202054226471352,1192.5899486736926,0.005350454788657035,0.02437621839469716,0.005952380952380951,0.0957449994011259,43.36130401234567,13577.087903831702,0.05263025032616841,0.2669315797832242,0.11517033690946735,0.07750505149853876,18.428570403749763,4772.162482176803,0.1052993976582371,0.05241741505498316,0.32505440987583845,-0.22348920390551252,8.782702051832189,210.37516703660984,0.12590400448285902,0.3276636954783072,0.02179065174456876,-0.3753922625464127,0.12345679012345677,608.126287720962,0.08409595785888012,0.21897880221563648,0.32932129789832676,-0.19294557847220248,17.204114381612033,2458.1729539621624,0.09793688035758866,0.0643191833436446,0.04338716838716842,0.19533690946734425,2.4639057710545473,2546.2281563349293,0.023025839549302866,0.3100552960581155,0.23249299719887956,0.282368921062183,45.543209876543216,12631.292261457553,9.0,-8.0,13.764621957059035,0.0,-1.0,1.0,9.055938413286526,0.36363636363636365,-6.151515151515149,-0.09296858874201469,1.510446075663467,2.0173739536135873,30.42715979672501,-0.8202184011815596,-9.422360248447198,-0.12723829675639803,-0.5197628458498024,-0.013175230566534916,0.7055335968379447,-0.013175230566534916,-0.16403162055335968,-0.2604522693074958,-2.6270421607378127,-3.612322322399418,-22.201581027667984,2.4923035891182703,22.40118577075099,3.137392686894736,30.22755505364201,5.063474677860142,49.559853190287974,0.814000539377808,3.6109542631281757,-3.860101263624363,-22.743647656691135,-0.18968466267104805,0.33258590552045386,-1960.8016641465733,-0.1921376006310139,0.3092601760376917,-1179.3878944472212,-0.019025763606040122,-0.08979261844874495,-13533.726599819356,-0.21430132945705577,0.03766528541092859,-4753.733911773053,0.05288198260325395,0.548543613781351,-201.59246498477765,-0.2017596909954482,0.39718291429098146,-608.0028309308385,-0.13488284435675635,0.5222668763705293,-2440.9688395805506,0.033617697013944056,-0.15194974108017584,-2543.7642505638746,-0.2870294565088126,-0.04987592386330342,-12585.74905158101
unknown,Punahele Soriano,Daniil Donchenko,,,34,25,9,190,64,126,1992,2001,11,3,1045.3440709634745,1059.1086929205335,0,0,4,3,0,1,1006.2285570817435,1015.28449549503,0.6363636363636364,1.0,30.818181818181817,24.666666666666668,0.32336594466916724,0.23039735592715255,0.1324110671936759,1.6428571428571428,7.446483385652655,9.463857339266243,19.64426877470356,50.07142857142857,11.175147253678327,10.354928852496768,64.56521739130434,55.142857142857146,0.14328966112236913,0.016051364365971106,0.5197628458498024,0.0,0.013175230566534916,0.0,-0.7055335968379447,0.0,0.013175230566534916,0.0,0.16403162055335968,0.0,0.3656927801517615,0.10524051084426565,3.402042160737813,0.7750000000000001,6.497341726263937,2.8850194038645185,26.701581027667984,4.5,0.57498616848581,3.06728975760408,-4.401185770750988,18.0,0.37415549090290895,3.511548177797645,-2.656126482213439,27.571428571428573,2.824211826125608,7.8876865039857496,-8.91699604743083,40.642857142857146,0.3921328427191639,1.206133382096972,1.9604743083003953,5.571428571428571,4.2301387168078834,0.37003745318352055,26.600790513833992,3.857142857142857,0.2754436362015215,0.08575897353047345,-0.017829859640483205,0.31475604587997064,1976.451755237317,15.650091090743778,0.2789578665833195,0.0868202659523056,-0.029034621309725134,0.28022555472796656,1192.5899486736926,13.202054226471352,0.02437621839469716,0.005350454788657035,0.0957449994011259,0.005952380952380951,13577.087903831702,43.36130401234567,0.2669315797832242,0.05263025032616841,0.07750505149853876,0.11517033690946735,4772.162482176803,18.428570403749763,0.05241741505498316,0.1052993976582371,-0.22348920390551252,0.32505440987583845,210.37516703660984,8.782702051832189,0.3276636954783072,0.12590400448285902,-0.3753922625464127,0.02179065174456876,608.126287720962,0.12345679012345677,0.21897880221563648,0.08409595785888012,-0.19294557847220248,0.32932129789832676,2458.1729539621624,17.204114381612033,0.0643191833436446,0.09793688035758866,0.19533690946734425,0.04338716838716842,2546.2281563349293,2.4639057710545473,0.3100552960581155,0.023025839549302866,0.282368921062183,0.23249299719887956,12631.292261457553,45.543209876543216,-9.0,8.0,-13.764621957059035,0.0,1.0,-1.0,-9.055938413286526,-0.36363636363636365,6.151515151515149,0.09296858874201469,-1.510446075663467,-2.0173739536135873,-30.42715979672501,0.8202184011815596,9.422360248447198,0.12723829675639803,0.5197628458498024,0.013175230566534916,-0.7055335968379447,0.013175230566534916,0.16403162055335968,0.2604522693074958,2.6270421607378127,3.612322322399418,22.201581027667984,-2.4923035891182703,-22.40118577075099,-3.137392686894736,-30.22755505364201,-5.063474677860142,-49.559853190287974,-0.814000539377808,-3.6109542631281757,3.860101263624363,22.743647656691135,0.18968466267104805,-0.33258590552045386,1960.8016641465733,0.1921376006310139,-0.3092601760376917,1179.3878944472212,0.019025763606040122,0.08979261844874495,13533.726599819356,0.21430132945705577,-0.03766528541092859,4753.733911773053,-0.05288198260325395,-0.548543613781351,201.59246498477765,0.2017596909954482,-0.39718291429098146,608.0028309308385,0.13488284435675635,-0.5222668763705293,2440.9688395805506,-0.033617697013944056,0.15194974108017584,2543.7642505638746,0.2870294565088126,0.04987592386330342,12585.74905158101
unknown,Morgan Charriere,Felipe Lima,,,31,28,3,260,428,-168,1995,1998,6,3,1007.2442967614951,1025.2688939497552,1,1,0,0,0,0,1033.8735296165223,1053.8984774223018,0.5,0.6666666666666666,29.333333333333332,26.333333333333332,0.04729077916633963,0.0,-0.18681318681318682,0.0,3.457818900296654,2.3968253968253967,-4.956043956043956,-13.857142857142858,4.0138158085871405,3.1222222222222222,-4.5054945054945055,-30.928571428571427,0.10645539877794825,0.17301587301587304,0.8681318681318682,2.5,0.0029304029304029304,0.025396825396825397,-0.13186813186813187,0.35714285714285715,0.03279900527606949,0.0,0.27472527472527475,-0.9285714285714286,0.1183660394697161,0.20753968253968252,0.7071428571428571,-0.6476190476190476,1.7298089094460758,1.6111111111111112,-7.274725274725275,-13.928571428571429,0.5528684095560001,0.4793650793650794,2.5164835164835164,1.7857142857142858,1.1751415812945785,0.3063492063492063,-0.1978021978021978,-1.7142857142857142,3.142443525860785,2.0873015873015874,-4.857142857142857,-3.9285714285714284,0.13861371665055186,0.22380952380952385,0.2087912087912088,1.7857142857142858,0.17676165778531785,0.08571428571428572,-0.3076923076923077,-11.714285714285714,0.19427247147992352,0.0303858843245653,0.06283335773207557,0.03191389760332534,232.41008601988088,11.143776976403927,0.19712479574100675,0.034833171363783604,0.06935038041725296,0.026844159242118415,206.32930227877762,8.088771667665041,0.03374215569290412,0.019365079365079366,0.25476190476190474,0.2642857142857143,1171.2616946373457,43.79200000000001,0.028753311451274324,0.02420749831464117,-0.12475046829856855,-0.008753437485304645,322.6068020723437,13.534639568065465,0.05440198499492715,0.06086883876357561,-0.25967494714730455,0.20365198711063368,20.33268051164071,2.2651250044991547,0.36817366661594064,0.04597505668934241,0.35281800064939123,-0.06462585034013604,173.77236467148927,1.640625,0.19247251997077977,0.02844903773475202,0.05624136925443773,0.06727149365398215,238.8589859174907,14.574289355301671,0.046153829308964854,0.04738095238095238,0.2528549881491058,0.03316326530612246,641.6155403009274,2.790087463556851,0.028311797650281474,0.04285714285714286,0.0916833166833167,0.06004140786749485,795.491608722672,4.679312391952431,-3.0,3.0,-18.024597188260145,0.0,0.0,0.0,-20.024947805779448,-0.16666666666666663,3.0,0.04729077916633963,-0.18681318681318682,1.0609935034712574,8.901098901098901,0.8915935863649183,26.42307692307692,-0.06656047423792479,-1.6318681318681318,-0.022466422466422466,-0.48901098901098905,0.03279900527606949,1.2032967032967035,-0.08917364306996642,1.3547619047619048,0.11869779833496463,6.653846153846154,0.07350333019092076,0.7307692307692306,0.8687923749453721,1.5164835164835164,1.0551419385591974,-0.9285714285714284,-0.08519580715897199,-1.576923076923077,0.09104737207103214,11.406593406593405,0.16388658715535823,0.030919460128750235,221.26630904347695,0.16229162437722314,0.04250622117513454,198.24053061111258,0.014377076327824753,-0.009523809523809545,1127.4696946373458,0.004545813136633152,-0.1159970308132639,309.07216250427825,-0.006466853768648459,-0.46332693425793825,18.067555507141556,0.3221986099265982,0.4174438509895273,172.13173967148927,0.16402348223602775,-0.01103012439954442,224.28469656218905,-0.0012271230719875237,0.21969172284298333,638.8254528373706,-0.014545345206861383,0.031641908815821844,790.8122963307196
unknown,Felipe Lima,Morgan Charriere,,,28,31,-3,428,260,168,1998,1995,3,6,1025.2688939497552,1007.2442967614951,1,1,0,0,0,0,1053.8984774223018,1033.8735296165223,0.6666666666666666,0.5,26.333333333333332,29.333333333333332,0.0,0.04729077916633963,0.0,-0.18681318681318682,2.3968253968253967,3.457818900296654,-13.857142857142858,-4.956043956043956,3.1222222222222222,4.0138158085871405,-30.928571428571427,-4.5054945054945055,0.17301587301587304,0.10645539877794825,2.5,0.8681318681318682,0.025396825396825397,0.0029304029304029304,0.35714285714285715,-0.13186813186813187,0.0,0.03279900527606949,-0.9285714285714286,0.27472527472527475,0.20753968253968252,0.1183660394697161,-0.6476190476190476,0.7071428571428571,1.6111111111111112,1.7298089094460758,-13.928571428571429,-7.274725274725275,0.4793650793650794,0.5528684095560001,1.7857142857142858,2.5164835164835164,0.3063492063492063,1.1751415812945785,-1.7142857142857142,-0.1978021978021978,2.0873015873015874,3.142443525860785,-3.9285714285714284,-4.857142857142857,0.22380952380952385,0.13861371665055186,1.7857142857142858,0.2087912087912088,0.08571428571428572,0.17676165778531785,-11.714285714285714,-0.3076923076923077,0.0303858843245653,0.19427247147992352,0.03191389760332534,0.06283335773207557,11.143776976403927,232.41008601988088,0.034833171363783604,0.19712479574100675,0.026844159242118415,0.06935038041725296,8.088771667665041,206.32930227877762,0.019365079365079366,0.03374215569290412,0.2642857142857143,0.25476190476190474,43.79200000000001,1171.2616946373457,0.02420749831464117,0.028753311451274324,-0.008753437485304645,-0.12475046829856855,13.534639568065465,322.6068020723437,0.06086883876357561,0.05440198499492715,0.20365198711063368,-0.25967494714730455,2.2651250044991547,20.33268051164071,0.04597505668934241,0.36817366661594064,-0.06462585034013604,0.35281800064939123,1.640625,173.77236467148927,0.02844903773475202,0.19247251997077977,0.06727149365398215,0.05624136925443773,14.574289355301671,238.8589859174907,0.04738095238095238,0.046153829308964854,0.03316326530612246,0.2528549881491058,2.790087463556851,641.6155403009274,0.04285714285714286,0.028311797650281474,0.06004140786749485,0.0916833166833167,4.679312391952431,795.491608722672,3.0,-3.0,18.024597188260145,0.0,0.0,0.0,20.024947805779448,0.16666666666666663,-3.0,-0.04729077916633963,0.18681318681318682,-1.0609935034712574,-8.901098901098901,-0.8915935863649183,-26.42307692307692,0.06656047423792479,1.6318681318681318,0.022466422466422466,0.48901098901098905,-0.03279900527606949,-1.2032967032967035,0.08917364306996642,-1.3547619047619048,-0.11869779833496463,-6.653846153846154,-0.07350333019092076,-0.7307692307692306,-0.8687923749453721,-1.5164835164835164,-1.0551419385591974,0.9285714285714284,0.08519580715897199,1.576923076923077,-0.09104737207103214,-11.406593406593405,-0.16388658715535823,-0.030919460128750235,-221.26630904347695,-0.16229162437722314,-0.04250622117513454,-198.24053061111258,-0.014377076327824753,0.009523809523809545,-1127.4696946373458,-0.004545813136633152,0.1159970308132639,-309.07216250427825,0.006466853768648459,0.46332693425793825,-18.067555507141556,-0.3221986099265982,-0.4174438509895273,-172.13173967148927,-0.16402348223602775,0.01103012439954442,-224.28469656218905,0.0012271230719875237,-0.21969172284298333,-638.8254528373706,0.014545345206861383,-0.031641908815821844,-790.8122963307196
unknown,Mario Pinto,Ryan Spann,,,28,35,-7,162,127,35,1998,1991,3,16,1058.0062488227845,1063.6064082341359,0,0,3,2,0,0,1008.1839689322147,1028.6960829927725,1.0,0.625,27.333333333333332,31.0,0.012642225031605562,0.09838779224519614,0.0,-0.007352941176470588,2.5253878864498334,3.2291366080946133,15.0,-8.155080213903743,8.785392483622571,3.4737117245210776,71.78571428571429,-13.989304812834225,0.1792207792207792,0.09906993252683197,2.142857142857143,-0.15775401069518716,0.062337662337662324,0.23041697219044482,0.5714285714285714,0.3014705882352941,0.031168831168831162,0.03683993196945167,0.0,-0.016042780748663103,0.5043770830938972,0.2799906885967856,6.066666666666667,0.6937722816399287,2.0452936444086887,2.3835073720064717,15.071428571428571,-5.28475935828877,0.2824273072060683,0.5285683484544305,-1.4285714285714286,1.0066844919786095,0.1976669348350764,0.3170608876337108,1.3571428571428572,-3.877005347593583,1.0711872198597863,2.269673575518621,3.4285714285714284,-8.595588235294118,0.5697850821744627,0.07379041686742219,3.2142857142857144,-0.05481283422459893,0.8844155844155842,0.8856726157085704,8.357142857142858,0.49532085561497324,0.05965954918916089,0.13119198841849958,0.3498781762489194,-0.16719377629719714,16.314603300240048,19512.41005617766,0.06973506195014822,0.13392431617514233,0.2712201704901918,-0.21033141224100385,5.736483837355416,12505.502616575024,0.029499072356215208,0.07410316887590952,0.30612244897959184,0.07172662453411116,45.543209876543216,161520.92989626506,0.05609268792076384,0.11858907124593938,0.43185486560215486,-0.0874349003226191,25.54197839369874,44923.61244158717,0.04937691890915658,0.15347748618445434,0.00532713085234091,0.0438550056436885,3.7954903603958896,36488.0714696554,0.071083783473164,0.12689408932000348,0.03571428571428571,-0.19505904634581106,0.6790123456790126,2720.1563743048305,0.04877271906349023,0.10817791062006353,0.2802700390501028,-0.20775725821016233,20.325027397206416,24204.517076415766,0.04346396965865993,0.0531047570902684,0.007142857142857193,0.12740323402088108,4.599901234567903,137136.50836133215,0.07090909090909091,0.1380322107161587,0.9,0.004509984962632781,45.543209876543216,37925.357835806724,7.0,-13.0,-5.600159411351342,0.0,1.0,0.0,-20.512114060557792,0.375,-3.666666666666668,-0.08574556721359058,0.007352941176470588,-0.70374872164478,23.155080213903744,5.311680759101494,85.77501909854851,0.08015084669394723,2.30061115355233,-0.1680793098527825,0.2699579831932773,-0.005671100800620509,0.016042780748663103,0.22438639449711156,5.372894385026739,-0.338213727597783,20.356187929717343,-0.24614104124836217,-2.435255920550038,-0.1193939527986344,5.2341482047364405,-1.1984863556588345,12.024159663865547,0.4959946653070405,3.2690985485103132,-0.001257031292986155,7.861822001527885,-0.07153243922933869,0.5170719525461166,-19496.09545287742,-0.06418925422499411,0.4815515827311957,-12499.766132737668,-0.04460409651969431,0.23439582444548068,-161475.38668638852,-0.06249638332517554,0.5192897659247739,-44898.07046319347,-0.10410056727529776,-0.03852787479134759,-36484.275979295,-0.05581030584683948,0.23077333206009676,-2719.4773619591515,-0.0594051915565733,0.4880272972602651,-24184.19204901856,-0.009640787431608469,-0.12026037687802389,-137131.9084600976,-0.0671231198070678,0.8954900150373672,-37879.81462593018
unknown,Ryan Spann,Mario Pinto,,,35,28,7,127,162,-35,1991,1998,16,3,1063.6064082341359,1058.0062488227845,0,0,2,3,0,0,1028.6960829927725,1008.1839689322147,0.625,1.0,31.0,27.333333333333332,0.09838779224519614,0.012642225031605562,-0.007352941176470588,0.0,3.2291366080946133,2.5253878864498334,-8.155080213903743,15.0,3.4737117245210776,8.785392483622571,-13.989304812834225,71.78571428571429,0.09906993252683197,0.1792207792207792,-0.15775401069518716,2.142857142857143,0.23041697219044482,0.062337662337662324,0.3014705882352941,0.5714285714285714,0.03683993196945167,0.031168831168831162,-0.016042780748663103,0.0,0.2799906885967856,0.5043770830938972,0.6937722816399287,6.066666666666667,2.3835073720064717,2.0452936444086887,-5.28475935828877,15.071428571428571,0.5285683484544305,0.2824273072060683,1.0066844919786095,-1.4285714285714286,0.3170608876337108,0.1976669348350764,-3.877005347593583,1.3571428571428572,2.269673575518621,1.0711872198597863,-8.595588235294118,3.4285714285714284,0.07379041686742219,0.5697850821744627,-0.05481283422459893,3.2142857142857144,0.8856726157085704,0.8844155844155842,0.49532085561497324,8.357142857142858,0.13119198841849958,0.05965954918916089,-0.16719377629719714,0.3498781762489194,19512.41005617766,16.314603300240048,0.13392431617514233,0.06973506195014822,-0.21033141224100385,0.2712201704901918,12505.502616575024,5.736483837355416,0.07410316887590952,0.029499072356215208,0.07172662453411116,0.30612244897959184,161520.92989626506,45.543209876543216,0.11858907124593938,0.05609268792076384,-0.0874349003226191,0.43185486560215486,44923.61244158717,25.54197839369874,0.15347748618445434,0.04937691890915658,0.0438550056436885,0.00532713085234091,36488.0714696554,3.7954903603958896,0.12689408932000348,0.071083783473164,-0.19505904634581106,0.03571428571428571,2720.1563743048305,0.6790123456790126,0.10817791062006353,0.04877271906349023,-0.20775725821016233,0.2802700390501028,24204.517076415766,20.325027397206416,0.0531047570902684,0.04346396965865993,0.12740323402088108,0.007142857142857193,137136.50836133215,4.599901234567903,0.1380322107161587,0.07090909090909091,0.004509984962632781,0.9,37925.357835806724,45.543209876543216,-7.0,13.0,5.600159411351342,0.0,-1.0,0.0,20.512114060557792,-0.375,3.666666666666668,0.08574556721359058,-0.007352941176470588,0.70374872164478,-23.155080213903744,-5.311680759101494,-85.77501909854851,-0.08015084669394723,-2.30061115355233,0.1680793098527825,-0.2699579831932773,0.005671100800620509,-0.016042780748663103,-0.22438639449711156,-5.372894385026739,0.338213727597783,-20.356187929717343,0.24614104124836217,2.435255920550038,0.1193939527986344,-5.2341482047364405,1.1984863556588345,-12.024159663865547,-0.4959946653070405,-3.2690985485103132,0.001257031292986155,-7.861822001527885,0.07153243922933869,-0.5170719525461166,19496.09545287742,0.06418925422499411,-0.4815515827311957,12499.766132737668,0.04460409651969431,-0.23439582444548068,161475.38668638852,0.06249638332517554,-0.5192897659247739,44898.07046319347,0.10410056727529776,0.03852787479134759,36484.275979295,0.05581030584683948,-0.23077333206009676,2719.4773619591515,0.0594051915565733,-0.4880272972602651,24184.19204901856,0.009640787431608469,0.12026037687802389,137131.9084600976,0.0671231198070678,-0.8954900150373672,37879.81462593018
unknown,Oumar Sy,Modestas Bukauskas,,,31,32,-1,169,106,63,1995,1994,5,13,1019.608344000844,1046.3770127108273,1,0,0,1,0,0,1012.8940663282689,1010.2912160888123,0.6,0.6153846153846154,29.8,29.23076923076923,0.0,0.044955044955044945,0.0,-0.16605616605616605,2.3760260242658693,3.384527237005193,4.6,-7.56043956043956,2.6951668649790794,4.093033426265412,-8.127272727272727,-22.65811965811966,0.1541811011556265,0.01184001184001184,0.4727272727272727,-0.18437118437118438,0.004891969017529555,0.00592000592000592,-0.43636363636363634,0.07814407814407814,0.0,0.0,-0.07272727272727272,0.0,0.3233919421640926,0.14781473697861655,0.98,-0.5185185185185185,1.3577222906043023,2.5038796884342647,3.8363636363636364,10.373626373626374,0.1903030303030303,0.43942828114308813,-0.6,-9.654456654456654,0.8280007033585369,0.4412192674278414,1.3636363636363635,-8.27960927960928,1.5132020397397572,2.833404285882242,2.0545454545454547,-5.77045177045177,0.05818181818181818,0.15809375809375809,0.12727272727272726,-3.3601953601953602,0.804642166344294,0.39302919302919304,2.418181818181818,1.5702075702075702,0.07820023654705978,0.0625350734600467,-0.08570735759424976,-0.009946525509069357,68.03315112841713,12801.790717039601,0.0811118649336968,0.06650433010304217,-0.1745031884747009,-0.07999256815821497,35.408702056389465,6396.683624163183,0.0377761878740793,0.00592000592000592,-0.016190476190476196,-0.024867724867724858,242.25,61759.57821863709,0.04226810846790702,0.05337378986806961,-0.08908380148378492,0.14017061397327568,160.60799872661198,35366.06817971598,0.010550724637681159,0.08527693805218214,-0.5038603425559948,-0.024249925733813044,24.639779320987653,3011.7308438021323,0.16242337333179727,0.1221244407091169,-0.0742963932619105,0.2077647637171447,0.4597754849907972,2067.6258681358777,0.07610903326754236,0.06122145785965046,-0.07977010954941813,0.005089646019655723,74.77548267753997,15299.387814935579,0.004155844155844156,0.03063906992478421,-0.464935064935065,-0.2809377334102609,61.25600000000001,2115.6207869269997,0.025145067698259187,0.026666733433650728,-0.22272727272727272,-0.06290818621645689,154.515625,33878.23845971781,1.0,-8.0,-26.76866870998333,1.0,-1.0,0.0,2.6028502394565294,-0.015384615384615441,0.5692307692307708,-0.044955044955044945,0.16605616605616605,-1.0085012127393238,12.16043956043956,-1.3978665612863321,14.530846930846932,0.14234108931561465,0.657098457098457,-0.0010280369024763649,-0.5145077145077145,0.0,-0.07272727272727272,0.17557720518547607,1.4985185185185186,-1.1461573978299624,-6.537262737262738,-0.24912525084005782,9.054456654456654,0.3867814359306955,9.643245643245644,-1.320202246142485,7.824997224997225,-0.0999119399119399,3.4874680874680877,0.41161297331510094,0.8479742479742478,0.015665163087013073,-0.0757608320851804,-12733.757565911184,0.014607534830654634,-0.09451062031648592,-6361.274922106793,0.03185618195407338,0.008677248677248662,-61517.32821863709,-0.01110568140016259,-0.2292544154570606,-35205.460180989365,-0.07472621341450099,-0.47961041682218175,-2987.0910644811447,0.04029893262268036,-0.2820611569790552,-2067.166092650887,0.014887575407891894,-0.08485975556907385,-15224.612332258039,-0.026483225768940053,-0.18399733152480408,-2054.364786927,-0.0015216657353915412,-0.15981908651081583,-33723.72283471781
unknown,Modestas Bukauskas,Oumar Sy,,,32,31,1,106,169,-63,1994,1995,13,5,1046.3770127108273,1019.608344000844,0,1,1,0,0,0,1010.2912160888123,1012.8940663282689,0.6153846153846154,0.6,29.23076923076923,29.8,0.044955044955044945,0.0,-0.16605616605616605,0.0,3.384527237005193,2.3760260242658693,-7.56043956043956,4.6,4.093033426265412,2.6951668649790794,-22.65811965811966,-8.127272727272727,0.01184001184001184,0.1541811011556265,-0.18437118437118438,0.4727272727272727,0.00592000592000592,0.004891969017529555,0.07814407814407814,-0.43636363636363634,0.0,0.0,0.0,-0.07272727272727272,0.14781473697861655,0.3233919421640926,-0.5185185185185185,0.98,2.5038796884342647,1.3577222906043023,10.373626373626374,3.8363636363636364,0.43942828114308813,0.1903030303030303,-9.654456654456654,-0.6,0.4412192674278414,0.8280007033585369,-8.27960927960928,1.3636363636363635,2.833404285882242,1.5132020397397572,-5.77045177045177,2.0545454545454547,0.15809375809375809,0.05818181818181818,-3.3601953601953602,0.12727272727272726,0.39302919302919304,0.804642166344294,1.5702075702075702,2.418181818181818,0.0625350734600467,0.07820023654705978,-0.009946525509069357,-0.08570735759424976,12801.790717039601,68.03315112841713,0.06650433010304217,0.0811118649336968,-0.07999256815821497,-0.1745031884747009,6396.683624163183,35.408702056389465,0.00592000592000592,0.0377761878740793,-0.024867724867724858,-0.016190476190476196,61759.57821863709,242.25,0.05337378986806961,0.04226810846790702,0.14017061397327568,-0.08908380148378492,35366.06817971598,160.60799872661198,0.08527693805218214,0.010550724637681159,-0.024249925733813044,-0.5038603425559948,3011.7308438021323,24.639779320987653,0.1221244407091169,0.16242337333179727,0.2077647637171447,-0.0742963932619105,2067.6258681358777,0.4597754849907972,0.06122145785965046,0.07610903326754236,0.005089646019655723,-0.07977010954941813,15299.387814935579,74.77548267753997,0.03063906992478421,0.004155844155844156,-0.2809377334102609,-0.464935064935065,2115.6207869269997,61.25600000000001,0.026666733433650728,0.025145067698259187,-0.06290818621645689,-0.22272727272727272,33878.23845971781,154.515625,-1.0,8.0,26.76866870998333,-1.0,1.0,0.0,-2.6028502394565294,0.015384615384615441,-0.5692307692307708,0.044955044955044945,-0.16605616605616605,1.0085012127393238,-12.16043956043956,1.3978665612863321,-14.530846930846932,-0.14234108931561465,-0.657098457098457,0.0010280369024763649,0.5145077145077145,0.0,0.07272727272727272,-0.17557720518547607,-1.4985185185185186,1.1461573978299624,6.537262737262738,0.24912525084005782,-9.054456654456654,-0.3867814359306955,-9.643245643245644,1.320202246142485,-7.824997224997225,0.0999119399119399,-3.4874680874680877,-0.41161297331510094,-0.8479742479742478,-0.015665163087013073,0.0757608320851804,12733.757565911184,-0.014607534830654634,0.09451062031648592,6361.274922106793,-0.03185618195407338,-0.008677248677248662,61517.32821863709,0.01110568140016259,0.2292544154570606,35205.460180989365,0.07472621341450099,0.47961041682218175,2987.0910644811447,-0.04029893262268036,0.2820611569790552,2067.166092650887,-0.014887575407891894,0.08485975556907385,15224.612332258039,0.026483225768940053,0.18399733152480408,2054.364786927,0.0015216657353915412,0.15981908651081583,33723.72283471781
unknown,Nathaniel Wood,Mairon Santos,,,33,26,7,162,267,-105,1993,2000,14,4,1114.0085835191421,1080.3109493535096,0,0,4,4,0,1,1019.6690221187815,1030.9952762460748,0.7857142857142857,1.0,28.785714285714285,24.75,0.03410347140313143,0.056657995788430573,0.24926108374384237,0.5666666666666667,5.325145392502057,2.8658342623560014,13.14975369458128,9.166666666666666,6.120318608588783,4.493216895825592,4.921182266009852,9.866666666666667,0.07090911501476713,0.0,0.14482758620689656,-0.7,0.020101418399413998,0.0,0.2354679802955665,0.0,0.009089128029486176,0.0,-0.43054187192118226,0.0,0.10692379089367411,0.07983223915107975,-0.86559934318555,-1.1355555555555557,3.014626847851595,1.3415285519633346,1.8551724137931034,5.8,0.47333712017207946,0.7828366158800942,-8.944827586206896,3.3666666666666667,1.837181424478382,0.7414690945125727,20.239408866995074,0.0,4.708209938792708,2.3241942276724883,17.367487684729063,6.133333333333334,0.2523435433878885,0.4747256286386721,-3.0492610837438425,2.4,0.36459191032146,0.06691440604484082,-1.168472906403941,0.6333333333333333,0.03727463440029557,0.04692573493371482,0.07941335842641449,0.16371877324040016,19350.117469399633,45.85266771149551,0.03917065675897269,0.05569585651667612,0.045599667850818315,0.1531965000077329,13437.545921638453,26.214842093890812,0.020811358698792817,0.0,0.1320079756040347,-0.18000000000000002,75191.087890625,97.47237500000001,0.03115583439906767,0.03367554759905807,0.07277141608866719,0.15726776075575938,29929.405031156017,79.90136458059337,0.04684949694093568,0.060329245633593466,-0.058585699257414275,0.06845029239766087,2050.694055850031,12.923994835708562,0.053491257746985564,0.08145331742585746,-0.027357273348443498,0.265850919569455,851.631893023517,8.349677472711054,0.03644755235284653,0.044078552531186393,0.11050602434977899,0.15976068252539619,24426.49825919812,51.63199169651332,0.030650285174425133,0.07320822494735538,-0.24566747702215683,0.35,3880.730287194871,23.052734375,0.03315025330854097,0.02230480201494694,-0.10949076383118386,0.2111111111111111,8599.05104822062,170.0,-7.0,10.0,33.69763416563251,0.0,0.0,-1.0,-11.326254127293282,-0.2142857142857143,4.035714285714285,-0.022554524385299146,-0.3174055829228243,2.4593111301460553,3.983087027914614,1.6271017127631913,-4.945484400656815,0.07090911501476713,0.8448275862068966,0.020101418399413998,0.2354679802955665,0.009089128029486176,-0.43054187192118226,0.027091551742594366,0.26995621237000567,1.6730982958882603,-3.9448275862068964,-0.30949949570801477,-12.311494252873564,1.0957123299658091,20.239408866995074,2.3840157111202194,11.23415435139573,-0.22238208525078362,-5.449261083743842,0.29767750427661915,-1.8018062397372743,-0.009651100533419249,-0.08430541481398567,19304.264801688136,-0.016525199757703432,-0.1075968321569146,13411.331079544563,0.020811358698792817,0.3120079756040347,75093.615515625,-0.0025197131999903956,-0.08449634466709219,29849.503666575423,-0.013479748692657785,-0.12703599165507515,2037.7700610143224,-0.027962059678871894,-0.2932081929178985,843.282215550806,-0.007631000178339863,-0.049254658175617194,24374.866267501606,-0.042557939772930244,-0.5956674770221568,3857.677552819871,0.010845451293594027,-0.320601874942295,8429.05104822062
unknown,Mairon Santos,Nathaniel Wood,,,26,33,-7,267,162,105,2000,1993,4,14,1080.3109493535096,1114.0085835191421,0,0,4,4,1,0,1030.9952762460748,1019.6690221187815,1.0,0.7857142857142857,24.75,28.785714285714285,0.056657995788430573,0.03410347140313143,0.5666666666666667,0.24926108374384237,2.8658342623560014,5.325145392502057,9.166666666666666,13.14975369458128,4.493216895825592,6.120318608588783,9.866666666666667,4.921182266009852,0.0,0.07090911501476713,-0.7,0.14482758620689656,0.0,0.020101418399413998,0.0,0.2354679802955665,0.0,0.009089128029486176,0.0,-0.43054187192118226,0.07983223915107975,0.10692379089367411,-1.1355555555555557,-0.86559934318555,1.3415285519633346,3.014626847851595,5.8,1.8551724137931034,0.7828366158800942,0.47333712017207946,3.3666666666666667,-8.944827586206896,0.7414690945125727,1.837181424478382,0.0,20.239408866995074,2.3241942276724883,4.708209938792708,6.133333333333334,17.367487684729063,0.4747256286386721,0.2523435433878885,2.4,-3.0492610837438425,0.06691440604484082,0.36459191032146,0.6333333333333333,-1.168472906403941,0.04692573493371482,0.03727463440029557,0.16371877324040016,0.07941335842641449,45.85266771149551,19350.117469399633,0.05569585651667612,0.03917065675897269,0.1531965000077329,0.045599667850818315,26.214842093890812,13437.545921638453,0.0,0.020811358698792817,-0.18000000000000002,0.1320079756040347,97.47237500000001,75191.087890625,0.03367554759905807,0.03115583439906767,0.15726776075575938,0.07277141608866719,79.90136458059337,29929.405031156017,0.060329245633593466,0.04684949694093568,0.06845029239766087,-0.058585699257414275,12.923994835708562,2050.694055850031,0.08145331742585746,0.053491257746985564,0.265850919569455,-0.027357273348443498,8.349677472711054,851.631893023517,0.044078552531186393,0.03644755235284653,0.15976068252539619,0.11050602434977899,51.63199169651332,24426.49825919812,0.07320822494735538,0.030650285174425133,0.35,-0.24566747702215683,23.052734375,3880.730287194871,0.02230480201494694,0.03315025330854097,0.2111111111111111,-0.10949076383118386,170.0,8599.05104822062,7.0,-10.0,-33.69763416563251,0.0,0.0,1.0,11.326254127293282,0.2142857142857143,-4.035714285714285,0.022554524385299146,0.3174055829228243,-2.4593111301460553,-3.983087027914614,-1.6271017127631913,4.945484400656815,-0.07090911501476713,-0.8448275862068966,-0.020101418399413998,-0.2354679802955665,-0.009089128029486176,0.43054187192118226,-0.027091551742594366,-0.26995621237000567,-1.6730982958882603,3.9448275862068964,0.30949949570801477,12.311494252873564,-1.0957123299658091,-20.239408866995074,-2.3840157111202194,-11.23415435139573,0.22238208525078362,5.449261083743842,-0.29767750427661915,1.8018062397372743,0.009651100533419249,0.08430541481398567,-19304.264801688136,0.016525199757703432,0.1075968321569146,-13411.331079544563,-0.020811358698792817,-0.3120079756040347,-75093.615515625,0.0025197131999903956,0.08449634466709219,-29849.503666575423,0.013479748692657785,0.12703599165507515,-2037.7700610143224,0.027962059678871894,0.2932081929178985,-843.282215550806,0.007631000178339863,0.049254658175617194,-24374.866267501606,0.042557939772930244,0.5956674770221568,-3857.677552819871,-0.010845451293594027,0.320601874942295,-8429.05104822062
